№,Кадастровый номер,Наименование объекта,Район города,Адрес,Правоустанавливающий документ,Дата начала,Дата окончания,Наименование генерального подрядчика,Общая площадь,Дата предоставления отчета инвестором,Состояние дел на объекте,Тип строительства
1,78:10:0005556:5,"СТРОИТЕЛЬСТВО ПОЖАРНОГО ДЕПО,
ПРОСПЕКТ ЛУНАЧАРСКОГО, УЧАСТОК 1",Калининский,"Санкт-Петербург, проспект Луначарского, участок 1, (северо-восточнее пересечения с Лужской улицей)",Договор безвозмездного пользования № 04/ЗБ-04089 от 25.01.2021 (ФКСР),05.04.2021,30.12.2022,"№ 09/ОК-21 от 05.04.2021
ООО ""Глобус""",6726.0,-,"Ведутся работы по кирпичной кладке стен и перегородок, штукатурке, монолитные работы",СМР
2,78:40:0008339:89,"СТРОИТЕЛЬСТВО ПОЖАРНОГО ДЕПО,
ПЕТЕРГОФСКОЕ ШОССЕ, УЧАСТОК 1",Красносельский,"Санкт-Петербург, Петергофское шоссе, участок 1, (северо-западнее пересечения с улицей Адмирала Трибуца)",Договор безвозмездного пользования № 08/ЗБ-03066 от 18.12.2020 (ФКСР),05.04.2021,25.12.2023,"№ 10/ОК-21 от 05.04.2021
ООО ""Глобус""",4736.39,-,"Ведутся работы по арматурным заготовкам для армирования стен здания на арматурном участке, вязке армокаркасов стен  в осях 1-7, демонтажу и перемещению опалубку на новую захватку, завозу песка для засыпки пазух по периметру здания",СМР
3,78:36:0557301:28,"СТРОИТЕЛЬСТВО ПОЖАРНОГО ДЕПО, 
2-Й ВЕРХНИЙ ПЕРЕУЛОК, УЧАСТОК 1",Выборгский,"Санкт-Петербург, 2-й Верхний переулок, участок1 (восточнее дома 10, литера К 
по 2-му Верхнему переулку) (нежилая зона ""ПАРНАС"", квартал 3)",на стадии подготовки,-,30.12.2023,"КОНКУРС
(ГК - июнь 2022 г.)",2563.5,-,Работы не ведутся,СМР
4,78:38:0022340:8,"СТРОИТЕЛЬСТВО ПОЖАРНОГО ДЕПО, ПОС.КОМАРОВО, УЛ. СЕВЕРНАЯ, Д.4, ЛИТЕРА А",Курортный,"Санкт-Петербург, пос. Комарово, ул. Северная, д.4, литера А","Постоянное (бессрочное) пользование №78-78-04/021/2011-170 от 26.11.2011 (СПб ГКУ ""ПСО ПС СПб по Курортному району СПб"")",-,30.12.2023,"КОНКУРС
(ГК - июнь 2022 г.)",1834.32,-,Работы не ведутся,СМР
5,78:36:0013403:3002,"СТРОИТЕЛЬСТВО ПОЖАРНОГО ДЕПО, ПОСЕЛОК ПАРГОЛОВО, КОМЕНДАНТСКИЙ ПРОСПЕКТ, УЧАСТОК 1",Выборгский,"Санкт-Петербург, пос. Парголово, Комендантский пр., участок 1 (юго-западнее дома № 140, литера А по Комендантскому пр.) (территория Санкт-Петербургского Государственного учреждения ""Курортный лесопарк"", квартал 68 Песочинского лесничества)",на стадии подготовки,-,30.12.2023,"КОНКУРС
(ГК - июнь 2022 г.)",2388.8,-,Работы не ведутся,СМР
6,78:40:0905017:17,"СТРОИТЕЛЬСТВО ПОЖАРНОГО ДЕПО  КРАСНОЕ СЕЛО, КИНГИСЕППСКОЕ ШОССЕ, УЧАСТОК 1",Красносельский,"Санкт-Петербург, г. Красное село, Кингисеппское шоссе, участок 1 (юго-восточнее дома № 49, корпус 3, литера А по Кингисеппскому шоссе) (г. Красное село, квартал Т)",на стадии подготовки,-,30.12.2023,"КОНКУРС
(ГК - июнь 2022 г.)",2357.6,-,Работы не ведутся,СМР
7,78:34:0428601:1385,"СТРОИТЕЛЬСТВО МНОГОКВАРТИРНОГО ДОМА, НИЖНЕ-КАМЕНСКАЯ УЛИЦА, УЧАСТОК 46",Приморский,"Санкт-Петербург, Нижне-Каменская улица, участок 46,
(территория квартала 74Б района Каменка, ограниченной
Глухарской улицей, проспектом Авиаконструкторов,
Плесецкой улицей, Нижне-Каменской улицей; ФЗУ № 1)",Договор безвозмездного пользования №17/ЗБ-07200 от 01.02.2019 (ФКСР),28.11.2019,15.12.2021,"№ 19/ЗП-19 от 28.11.2019
ООО «ИСК «НКС»  (ГОВР)",21352.0,-,"Строительно-монтажные работы завершены, получено разрешение на ввод объекта в эксплуатацию от 15.12.2021 № 78-15-110-2021",СМР
8,78:34:0428601:1388,"СТРОИТЕЛЬСТВО МНОГОКВАРТИРНОГО ДОМА, ГЛУХАРСКАЯ УЛИЦА, УЧАСТОК 57",Приморский,"Санкт-Петербург, Глухарская улица, участок 57, (территория квартала 74Б района Каменка, ограниченной Глухарской ул., пр. Авиаконструкторов, Плесецкой ул., Нижне-Каменской ул.; ФЗУ № 3)",Договор безвозмездного пользования №17/ЗБ-07642 от 14.12.2020 (ФКСР),15.09.2021,25.12.2023,"№ 69/ОК-21 от 15.09.2021
ООО «ИСК «НКС»",20490.6,-,"Земляные работы по откопке котлована в осях 1-10/А-М (1 секция). 
Устройство песчаной и бетонной подготовки под ростверки в осях 11-17/А-М (2 секция). 
Устройство монолитного ростверка фундаментной плиты. Выполнено в осях 18-27/А-М (3 секция). Под 2 секцию каркасы заготовлены.
Бетонирование фундамента 2-го башенного крана",СМР
9,78:34:0428601:1387,"СТРОИТЕЛЬСТВО МНОГОКВАРТИРНОГО ДОМА, ГЛУХАРСКАЯ УЛИЦА, УЧАСТОК 58",Приморский,"Санкт-Петербург, Глухарская улица, участок 58, (территория квартала 74Б района Каменка, ограниченной Глухарской ул., пр. Авиаконструкторов, Плесецкой ул., Нижне-Каменской ул.; ФЗУ № 2)",Договор безвозмездного пользования №17/ЗБ-07643 от 14.12.2020 (ФКСР),-,25.12.2023,"КОНКУРС
(ГК - июнь 2022 г.)",29567.63,-,Работы не ведутся,СМР
10,78:13:0007440:6051,"СТРОИТЕЛЬСТВО МНОГОКВАРТИРНОГО ДОМА, ШИПКИНСКИЙ ПЕР., Д.3, КОРП.2, ЛИТЕРА А",Фрунзенский,"Санкт-Петербург, Шипкинский пер., д. 3, корп. 2, литера А",на стадии подготовки,-,30.12.2024,"КОНКУРС
(ГК - июнь 2022 г.)",5821.42,-,Работы не ведутся,СМР
11,78:15:0843203:10,"СТРОИТЕЛЬСТВО МНОГОКВАРТИРНОГО ДОМА,  УЛИЦА СОЛДАТА КОРЗУНА, УЧАСТОК 3",Кировский,"Санкт-Петербург, ул. Солдата Корзуна, участок 3 (юго-восточнее пересечения с пр. Маршала Журова)",на стадии подготовки,-,30.12.2024,"КОНКУРС
(ГК - июнь 2022 г.)",22600.5,-,Работы не ведутся,СМР
12,"78:14:0769203:7136
78:14:0769203:1028
78:14:0769203:74
78:14:0769203:73",ИНЖЕНЕРНАЯ ПОДГОТОВКА ТЕРРИТОРИИ КВАРТАЛА 15 ВОСТОЧНЕЕ ПР. ЮРИЯ ГАГАРИНА,Московский,"Российская Федерация, Санкт-Петербург, муниципальный округ Гагаринское, проспект Космонавтов, участок 17, (внутриквартальные проезды на территории квартала 15 восточнее проспекта Юрия Гагарина в Московском районе);
г.Санкт-Петербург, проспект Космонавтов, участок 160, (у дома 100 по проспекту Космонавтов);
Санкт-Петербург, Дунайский проспект, участок 3, (южнее дома 29, корпус 2, литера А);
Санкт-Петербург, Дунайский проспект, участок 6, (южнее дома 29, корпус 2, литера А)","Договоры безвозмездного пользования (ФКСР):
№ 12/ЗБ-03440 от 23.03.2020
№ 12/ЗБ-03434 от 17.03.2020
№ 12/ЗБ-03435 от 17.03.2020 
№ 12/ЗБ-03460 от 22.06.2020",15.09.2020,30.12.2021,"№ 69/ЭА-20 от 15.09.2020
ООО ""КИТ"" 
№ 103/ОК-21 от 17.12.2021
ООО ""КИТ""
№ 104/ОК-21 от 17.12.2021
ООО ""КИТ""",67127.0,-,получено разрешение на ввод объекта в эксплуатацию от 30.12.2021 № 78-11-106-2021,СМР
13,"78:34:0428601:1139
78:34:0428601:1392
78:34:0428601:1393
78:34:0428601:1394",ИНЖЕНЕРНАЯ ПОДГОТОВКА ТЕРРИТОРИИ КВАРТАЛА 74 Б РАЙОНА КАМЕНКА,Приморский,"Санкт-Петербург, Глухарская улица, участок 15, (западнее пересечения с проспектом Авиаконструкторов);
Санкт-Петербург, Плесецкая улица, участок 2, (южнее пересечения с Нижне-Каменской улицей);
Санкт-Петербург, проспект Авиаконструкторов, участок 80, (от Плесецкой улицы до Глухарской улицы);
Санкт-Петербург, Глухарская улица, участок 59, (юго-западнее пересечения с Нижне-Каменской улицей);","Договоры безвозмездного пользования (ФКСР):
№17/ЗБ-07449 от 18.03.2020;
№17/ЗБ-07457 от 18.03.2020;
№17/ЗБ-07425 от 18.03.2020;
№17/ЗБ-07450 от 18.03.2020;",24.03.2020,30.12.2021,"№ 11/ЗП-20 от 24.03.2020 ООО ""Террикон""",81010.0,-,"Строительно-монтажные работы завершены, получено разрешение на ввод объекта в эксплуатацию от 30.12.2021 № 78-15-129-2021",СМР
14,"78:34:0428601:1395
78:34:0428601:1396
78:34:0428601:1397
78:34:0428601:1400",ИНЖЕНЕРНАЯ ПОДГОТОВКА ТЕРРИТОРИИ КВАРТАЛА 74 Б РАЙОНА КАМЕНКА,Приморский,"Санкт-Петербург, Глухарская улица, участок 60, (юго-западнее пересечения с Нижне-Каменской улицей));
Санкт-Петербург, муниципальный округ Юнтолово, Нижне-Каменская улица, участок 50, (северо-западнее пересечения с Глухарской улицей);
Санкт-Петербург, муниципальный округ Юнтолово, Плесецкая улица, участок 3, (от проспекта Авиаконструкторов до Нижне-Каменской улицы);
Санкт-Петербург, муниципальный округ Юнтолово, Глухарская улица, участок 64, (территория квартала 74Б района Каменка, ограниченной Глухарской ул., пр. Авиаконструкторов, Плесецкой ул., Нижне-Каменской ул; ФЗУ №9);","Договоры безвозмездного пользования (ФКСР):
№17/ЗБ-07451 от 18.03.2020;
№17/ЗБ-07455 от 18.03.2020;
№17/ЗБ-07453 от 18.03.2020;
№17/ЗБ-07452 от 18.03.2020;",24.03.2020,30.12.2021,"№ 11/ЗП-20 от 24.03.2020 ООО ""Террикон""",81010.0,-,"Строительно-монтажные работы завершены, получено разрешение на ввод объекта в эксплуатацию от 30.12.2021 № 78-15-129-2021",СМР
15,"78:34:0428601:1401
78:34:0428601:1402
78:34:0000000:8731
78:34:0000000:8792",ИНЖЕНЕРНАЯ ПОДГОТОВКА ТЕРРИТОРИИ КВАРТАЛА 74 Б РАЙОНА КАМЕНКА,Приморский,"Санкт-Петербург, муниципальный округ Юнтолово, Нижне-Каменская улица, участок 53, (территория квартала 74Б района Каменка, ограниченной Глухарской ул., пр. Авиаконструкторов, Плесецкой ул., Нижне-Каменской ул; ФЗУ № 7);
Санкт-Петербург, муниципальный округ Юнтолово, Глухарская улица, участок 63, (территория квартала 74Б района Каменка, ограниченной Глухарской ул., пр. Авиаконструкторов, Плесецкой ул., Нижне-Каменской ул; ФЗУ № 8);
Санкт-Петербург, муниципальный округ Юнтолово, проспект Авиаконструкторов, участок 81, (от Глухарской улицы до Плесецкой улицы);
Санкт-Петербург, муниципальный округ Юнтолово, Нижне-Каменская улица, участок 51, (от Плесецкой улицы до Глухарской улицы)","Договоры безвозмездного пользования (ФКСР):
№17/ЗБ-07456 от 18.03.2020;
№17/ЗБ-07454 от 18.03.2020;
№17/ЗБ-07426 от 18.03.2020;
№17/ЗБ-07502 от 18.03.2020",24.03.2020,30.12.2021,"№ 11/ЗП-20 от 24.03.2020 ООО ""Террикон""",81010.0,-,"Строительно-монтажные работы завершены, получено разрешение на ввод объекта в эксплуатацию от 30.12.2021 № 78-15-129-2021",СМР
16,78:10:0000000:3139,"ИНЖЕНЕРНАЯ ПОДГОТОВКА ТЕРРИТОРИИ, ОГРАНИЧЕННОЙ ПР. МАРШАЛА БЛЮХЕРА, ПРОЕКТИРУЕМОЙ УЛ., ПОЛЮСТРОВСКИМ ПР., ПРОЕКТИРУЕМОЙ УЛ.",Калининский,"Санкт-Петербург, пр. Маршала Блюхера, Проектируемая ул., Полюстровский пр., Проектируемая ул.",на стадии подготовки,-,30.12.2025,"КОНКУРС
(ГК - июнь 2022 г.)",167052.0,-,Работы не ведутся,СМР
17,"78:34:0000000:8644
78:34:0000000:8710
78:34:0000000:8632",СТРОИТЕЛЬСТВО ОБЪЕКТА: БОГАТЫРСКИЙ ПР. ОТ ЯХТЕННОЙ УЛ. ДО СТАРОДЕРЕВЕНСКОЙ УЛ,Приморский,"Санкт-Петербург, Богатырский проспект, участок 103, (от Елагинского проспекта до Стародеревенской улицы);
Санкт-Петербург, Планерная улица, участок 64, (ЗСД, от Богатырского проспекта до реки Большая Невка);
Санкт-Петербург, Богатырский проспект, участок 102, (от Яхтенной улицы до Елагинского проспекта)","Договоры безвозмездного пользования (ФКСР):
№17/ЗБ-07210 от 12.02.2019;
№17/ЗБ-07209 от 12.02.2019;
№17/ЗБ-07211 от 12.02.2019",-,15.12.2022,"КОНКУРС
(ГК - июнь 2022 г.)",110520.0,-,Работы не ведутся,СМР
18,"78:12:0000000:3240
78:12:0631901:1025
78:12:0000000:3238
78:12:0631901:11197",ИНЖЕНЕРНО - ТРАНСПОРТНОЕ ОБЕСПЕЧЕНИЕ КВАРТАЛА 16 СЕВЕРНЕЕ УЛИЦЫ НОВОСЕЛОВ,Невский,"Санкт-Петербург, Союзный проспект, участок 8, (от улицы Бадаева до улицы Коллонтай);
Санкт-Петербург, улица Бадаева, участок 23, (юго-западнее дома 9, литера А);
Санкт-Петербург, Складская улица, участок 33, (от улицы Еремеева до Союзного проспекта);
Санкт-Петербуг, улица Еремеева, участок 14, (от Дальневосточного проспекта до Складской улицы)","Договоры безвозмездного пользования (ФКСР):
№13/ЗБ-05951 от 29.02.2018;
№13/ЗБ-05950 от 29.02.2018;
№13/ЗБ-05952 от 29.02.2018;
№13/ЗБ-05953 от 29.02.2018",14.09.2021,30.12.2023,"№ 71/ОК-21 от 14.09.2021 АО ""МегаМейд""",132052.0,-,"Ведутся работы по:
1. демонтажу шпунта К14 – К-21 после монтажа трубы ВО;
2. демонтажу непригодной трубы ВО;
3. монтажу трубы ВО Д1000 на захвате №1, захватка №2 выполнена;
4. начаты работы по устройству шпунтового ограждения котлованов 
для прокладки сетей водоснабжения на Захватке №1;
5. заготовке труб водоотведения и водоснабжения;
6. подготовке к производству работ Этап 2 от Союзного пр. этап 1, 
до ул. Складской.",СМР
19,78:10:0005138,"СТРОИТЕЛЬСТВО ПРОЕЗДА ОТ ПР. МАРШАЛА БЛЮХЕРА ДО ЗЕМЕЛЬНОГО УЧАСТКА ПО АДРЕСУ: УЛ.ЗАМШИНА, УЧ. 1, ЮЖНЕЕ Д.29, КОРП. 5, ЛИТЕРА А",Калининский,"Санкт-Петербург, улица Замшина, уч. 1, южнее д. 29, корп. 5, литера А",Разрешение на использование земельного участка № 9519 от 23.12.2020 (ФКСР),-,15.12.2022,"КОНКУРС
(ГК - апрель 2022г.)",218.7,-,Работы не ведутся,СМР
20,78:42:0016301:3026,"СТРОИТЕЛЬСТВО ВНУТРИКВАРТАЛЬНЫХ ПРОЕЗДОВ К ЗЕМЕЛЬНЫМ УЧАСТКАМ ПО АДРЕСУ: САНКТ-ПЕТЕРБУРГ, Г. ПАВЛОВСК, КОЛХОЗНАЯ УЛ., УЧАСТКИ 30, 31, 32, 33, 34 (СЕВЕРО-ВОСТОЧНЕЕ ПЕРЕСЕЧЕНИЯ С ЗВЕРИНИЦКОЙ УЛ.)",Пушкинский,"Санкт-Петербург, г. Павловск, Колхозная ул., участки 30, 31, 32, 33, 34 (северо-восточнее пересечения с Звериницской ул.)","Договор безвозмездного пользования (ФКСР):
18/ЗБ-03338 от 14.12.2021",-,30.12.2022,"КОНКУРС
(ГК - апрель 2022г.)",2603.0,-,Работы не ведутся,СМР
21,78:42:1630201:3043,"СТРОИТЕЛЬСТВО ВНУТРИКВАРТАЛЬНЫХ ПРОЕЗДОВ К ЗЕМЕЛЬНЫМ УЧАСТКАМ ПО АДРЕСУ: САНКТ-ПЕТЕРБУРГ, Г. ПАВЛОВСК, ПОГРАНИЧНАЯ ФЕДОРОВСКАЯ ДОРОГА, УЧАСТКИ 24, 25, 26, 27, 28, 29 (ЮЖНЕЕ ПЕРЕСЕЧЕНИЯ С ЗВЕРИНИЦКОЙ УЛ.)",Пушкинский,"Санкт-Петербург, г. Павловск, Пограничная Федоровская дорога, участки 24, 25, 26, 27, 28, 29 (южнее пересечения с Звериницской ул.)","Договор безвозмездного пользования (ФКСР):
18/ЗБ-03340 от 14.12.2021",-,30.12.2022,"КОНКУРС
(ГК - апрель 2022г.)",6252.0,-,Работы не ведутся,СМР
22,78:42:1630201:3042,"СТРОИТЕЛЬСТВО ВНУТРИКВАРТАЛЬНЫХ ПРОЕЗДОВ К ЗЕМЕЛЬНЫМ УЧАСТКАМ ПО АДРЕСУ: САНКТ-ПЕТЕРБУРГ, Г. ПАВЛОВСК, КОЛХОЗНАЯ УЛ., УЧАСТКИ 2, 3, 4, 5, 6, 7, 8, 9, 10, 11, 12, 13, 14, 15, 16, 17, 18, 19, 20, 21, 22, 23 (СЕВЕРО-ВОСТОЧНЕЕ ПЕРЕСЕЧЕНИЯ С УЛИЦЕЙ ОБОРОНЫ)",Пушкинский,"Санкт-Петербург, г. Павловск, Колхозная ул., участки 2, 3, 4, 5, 6, 7, 8, 9, 10, 11, 12, 13, 14, 15, 16, 17, 18, 19, 20, 21, 22, 23 (северо-восточнее пересечения с ул. Обороны)","Договор безвозмездного пользования (ФКСР):
18/ЗБ-03339 от 14.12.2021",-,30.12.2022,"КОНКУРС
(ГК - апрель 2022г.)",8100.0,-,Работы не ведутся,СМР
23,78:34:0428601:1371 78:34:0428601:1378,"СТРОИТЕЛЬСТВО ОБЪЕКТА: 
ПР. АВИАКОНСТРУКТОРОВ ОТ ВЕРХНЕ-КАМЕНСКОЙ УЛ. ДО ПЛЕСЕЦКОЙ УЛ.",Приморский,"Санкт-Петербург, пр. Авиаконструкторов от Верхне-Каменской ул. до Плесецкой ул.",на стадии подготовки,-,30.12.2024,"КОНКУРС
(ГК - апрель 2022г.)",33721.0,-,Работы не ведутся,СМР
24,78:34:0428601:10479,"СТРОИТЕЛЬСТВО ОБЪЕКТА: ПЛЕСЕЦКАЯ УЛ. 
ОТ ПР. АВИАКОНСТРУКТОРОВ ДО ПЛАНЕРНОЙ УЛ.",Приморский,"Санкт-Петербург, Плесецкая ул. от пр. Авиаконструкторов до Планерной ул.",на стадии подготовки,-,30.12.2024,"КОНКУРС
(ГК - апрель 2022г.)",25874.0,-,Работы не ведутся,СМР
25,"78:34:0428601:10477
78:34:0000000:8098
78:34:0000000:9192
78:34:0428601:10476
78:34:0428601:1146
78:34:0428601:9952
 78:34:0428601:1380
78:34:0428601:1374","СТРОИТЕЛЬСТВО ОБЪЕКТА: ПЛАНЕРНАЯ УЛ. ОТ ГЛУХАРСКОЙ УЛ. ДО Р. КАМЕНКА,  1 ЭТАП. УЧАСТОК СТРОИТЕЛЬСТВА ПЛАНЕРНОЙ УЛ. ОТ ГЛУХАРСКОЙ УЛ. ДО ПК 9+75.46.",Приморский,"Санкт-Петербург, Планерная ул. от Глухарской ул. до р. Каменка",на стадии подготовки,-,30.12.2024,"КОНКУРС
(ГК - апрель 2022г.)",60958.0,-,Работы не ведутся,СМР
26,"78:34:0428601:1380
78:34:0428601:1374
78:34:0428601:1379","СТРОИТЕЛЬСТВО ОБЪЕКТА: ПЛАНЕРНАЯ УЛ. ОТ ГЛУХАРСКОЙ УЛ. ДО Р. КАМЕНКА,  2 ЭТАП. УЧАСТОК СТРОИТЕЛЬСТВА ПЛАНЕРНОЙ УЛ. ОТ ПК 9+75.46 ДО Р. КАМЕНКА.",Приморский,"Санкт-Петербург, Планерная ул. от Глухарской ул. до р. Каменка",на стадии подготовки,-,30.12.2024,"КОНКУРС
(ГК - апрель 2022г.)",60958.0,-,Работы не ведутся,СМР
27,-,СТРОИТЕЛЬСТВО ОБЪЕКТА: УЛИЧНО-ДОРОЖНАЯ СЕТЬ И ИНЖЕНЕРНЫЕ СЕТИ ПО УЛ. ГЛУХАРСКАЯ ОТ УЛ. НИЖНЕ-КАМЕНСКОЙ ДО КОМЕНДАНТСКОГО ПР.,Приморский,"Санкт-Петербург, Глухарская ул. от ул. Нижне-Каменской до Комендантского пр.",на стадии подготовки,-,30.12.2023,"КОНКУРС
(ГК - апрель 2022г.)",7660.0,-,Работы не ведутся,СМР
28,78:34:0004281:47053,"СТРОИТЕЛЬСТВО ОБЪЕКТА: 
ПР. АВИКОНСТРУКТОРОВ ОТ ВЕРХНЕ-КАМЕНСКОЙ УЛИЦЫ ДО АРЦЕУЛОВСКОЙ АЛЛЕИ",Приморский,"Санкт-Петербург, пр. Авиаконструкторов от Верхне-Каменской ул. до Арцеуловской аллеи",на стадии подготовки,-,30.12.2024,"КОНКУРС
(ГК - апрель 2022г.)",24994.0,-,Работы не ведутся,СМР
29,78:42:1810201:70,"РЕКОНСТРУКЦИЯ ЗДАНИЯ СДЮШОР, Г. ПУШКИН, ЛЕНИНГРАДСКАЯ УЛ., Д. 83, ЛИТЕРА А",Пушкинский,"Санкт-Петербург, город Пушкин, Ленинградская улица, дом 83, литера А",Постоянное (бессрочное) пользование №78-78-06/013/2010-949 от 09.09.2010 (СДЮШОР),24.06.2021,15.12.2022,"№ 40/ОК-21 от 24.06.2021 ООО ""ВЫСОТСПЕЦСТРОЙ""",14987.0,-,"Ведутся работы:
1. Бетонирование колонны и стены Блок Б, В, Г эт. 3, отм. +6,500
2. Монтаж прифундаментного дренажа (колодцы); все смонтировали. Обратная засыпка производится.
3. Заготовка металлоконструкций на кровлю Блок А, сборка металлических ферм, на месте варят и собирают.
4. Утепление стен подземной части. Пеноплекс в полном объёме на объекте.
5. Затаривание кирпича и газобетона для кладки внутренних стен и перегородок.
6. Кладка Внутренних стен и перегородок на отм. -3,500 Блок Б, В, Г.",СМР
30,78:13:0007441:8,"СТРОИТЕЛЬСТВО ЗДАНИЯ ЦЕНТРА СПОРТИВНОЙ ПОДГОТОВКИ ПО БАСКЕТБОЛУ:  ЗАГРЕБСКИЙ БУЛЬВАР, УЧАСТОК 1",Фрунзенский,"Санкт-Петербург, Загребский бульвар, участок 1, (северо-западнее дома 89, литера А по Бухарестской улице)",Договор безвозмездного пользования №21/ЗБ-04582 от 17.03.2020 (ФКСР),25.05.2021,15.12.2022,"№ 29/ОК-21 от 25.05.2021 ООО ""Террикон""",5071.6,-,"Ведутся работы по монтажу металлических конструкций, устройству бетонных полов, устройству монолитного перекрытия первого этажа, прокладке сетей наружной канализации, нанесению оклеечной гидроизоляции, утеплителя, пароизоляции, монтажу стеновых панелей и бетонированию лифтовой шахты",СМР
31,78:10:0005206:3003,"СТРОИТЕЛЬСТВО КРЫТОГО КАТКА, УЛ. ФАВОРСКОГО, УЧАСТОК 1",Калининский,"Санкт-Петербург, улица Фаворского, участок 1, (западнее пересечения с Гжатской улицей)",Договор безвозмездного пользования №04/ЗБ-04150 от 25.01.2021 (ФКСР),26.10.2021,15.12.2022,"№ 92/ОК-21 от 26.10.2021 ООО ""Норд-Строй""",6462.0,-,"Ведутся работы по вывозу грунта, разработке котлована, устройству и уплотнению песчаного основани",СМР
32,78:06:0002089:13,"СТРОИТЕЛЬСТВО КРЫТОГО КАТКА,  СРЕДНИЙ ПР. В.О., Д. 87, КОРП. 2, ЛИТ. А",Василеостровский,"Санкт-Петербург, Средний проспект В.О., дом 87, корп. 2, литера А","Постоянное (бессрочное) пользование №78-78-33/084/2012-454 от 15.11.2012 (СПб ГБУ ""Цент физической культуры, спорта и здоровья Василеостровского района"")",21.12.2021,15.12.2022,"№ 92/ОК-21 от 21.12.2021 
ООО ""Норд-Строй""",3754.2,-,"Ведутся работы по вывозу грунта, разработке котлована, устройству и уплотнению песчаного основани",СМР
33,78:10:0005138:45,"СТРОИТЕЛЬСТВО МНОГОФУНКЦИОНАЛЬНОГО СПОРТИВНОГО КОМПЛЕКСА:  УЛ. ЗАМШИНА, УЧАСТОК 1",Калининский,"Санкт-Петербург, улица Замшина, уч. 1, (южнее дома 29 корпус 5 литера А по ул. Замшина)",Постоянное (бессрочное) пользование №78-78/037-78/069/017/2015-205/1 от 23.11.2015 (ГОБУ дополнительного образования детей спец. детско-юношеская спортивная школа олимпийского резерва по дзюдо Калининского района СПб имени А.С. Рахлина),21.12.2021,25.12.2023,"№ 98/ОК-21 от 21.12.2021 
ООО ""КВС""",13383.6,-,Подготовительные работы,СМР
34,78:38:0011402:6,"СТРОИТЕЛЬСТВО ЗДАНИЯ 
ПРИМОРСКОЕ ШОССЕ, ДОМ 356, ЛИТЕРА А",Курортный,"Санкт-Петербург, г. Сестрорецк, Приморское шоссе, д. 356, литера А","Постоянное (бессрочное) пользование №78-78-04/019/2007-003 от 25.12.2007 (ГБОУ Школа-интернат Курортного района СПб ""Олимпийский резерв"")",-,30.12.2024,"КОНКУРС
(ГК - июнь 2022 г.)",2310.0,-,Работы не ведутся,СМР
35,78:12:0631202:9,"СТРОИТЕЛЬСТВО ЗДАНИЯ ФИЗКУЛЬТУРНО-ОЗДОРОВИТЕЛЬНОГО КОМПЛЕКСА 
УЛ. ПОДВОЙСКОГО, Д. 31, КОРП. 3, ЛИТ. И",Невский,"Санкт-Петербург, ул. Подвойского, д. 31, корп. 3, литера И",Постоянное (бессрочное) пользование №78-78-01/0004/2009-188 от 15.06.2009 (ГБУ Спортивная школа олимпийского резерва № 2 Невского района СПб),-,30.12.2023,"КОНКУРС
(ГК - июнь 2022 г.)",6625.09,-,Работы не ведутся,СМР
36,78:06:0205701:1,"СТРОИТЕЛЬСТВО ЗДАНИЯ ЦСРИ И ДЕТЕЙ-ИНВАЛИДОВ, КАМСКАЯ УЛИЦА",Василеостровский,"Санкт-Петербург, Камская улица, участок 1, (северо-восточнее пересечения с 16-й линией В.О.)",Договор безвозмездного пользования №01/ЗБ-06123 от 20.09.2019 (ФКСР),-,25.12.2023,"КОНКУРС
(ГК - июнь 2022г.)",6644.0,-,Работы не ведутся,СМР
37,78:42:1821002:32,"РЕКОНСТРУКЦИЯ СПБ ГБСУСО ""ПСИХОНЕВРОЛОГИЧЕСКИЙ ИНТЕРНАТ № 4"", ПУШКИН, ПАВЛОВСКОЕ ШОССЕ, Д. 67",Пушкинский,"Санкт-Петербург, город Пушкин, Павловское шоссе, дом 67, литера А",Постоянное (бессрочное) пользование №78-78-85/029/2014-446 от 11.11.2014 (ПНИ №4),14.04.2021,29.07.2022,"№ 15/ОК-21 от 14.04.2021        ООО ""СУАР-ГРУПП""",20092.0,-,"Ведутся фасадные работы (армирующий слой, декоративная штукатурка), устройство перегородок из ГВЛ, монтаж вентиляционного оборудования korf, монтаж радиаторов отопления, монтаж внутренних инженерных сетей, устройство кровель, внутренняя отделка.",СМР
38,78:37:0017314:44,"ПРОЕКТИРОВАНИЕ И ПРИСПОСОБЛЕНИЕ ДЛЯ  ИСПОЛЬЗОВАНИЯ ЗДАНИЯ ДЛЯ РАЗМЕЩЕНИЯ СОЦИАЛЬНО-РЕАБИЛИТАЦИОННОГО ЦЕНТРА  ДЛЯ НЕСОВЕРШЕННОЛЕТНИХ, ПОС. УСТЬ-ИЖОРА, ШЛИССЕЛЬБУРГСКОЕ ШОССЕ, Д.187, ЛИТЕРА А",Колпинский,"Санкт-Петербург, поселок Усть-Ижора, Шлиссельбургское шоссе, дом 187, литера А","Постоянное (бессрочное) пользование №78-78/002-78/072/008/2015-125/2 от 19.03.2015 (СПб ГБУ ""Центр социальной помощи семье и детям Колпинского района"")",28.05.2020,30.12.2021,"№ 28/ЗП-20 от 28.05.2020 ООО ""ПСБ""Жилстрой""",4287.0,-,"Строительно-монтажные работы завершены, получено разрешение на ввод объекта в эксплуатацию от 30.12.2021 № 01-56-10/21-0-1",СМР
39,78:42:0016268:28,"СТРОИТЕЛЬСТВО СТАЦИОНАРНОГО УЧРЕЖДЕНИЯ СОЦИАЛЬНОГО ОБСЛУЖИВАНИЯ ""ПСИХОНЕВРОЛОГИЧЕСКИЙ ИНТЕРНАТ""  ПУШКИНСКИЙ РАЙОН, Г. ПАВЛОВСК, КОЛХОЗНАЯ УЛ., УЧАСТОК 1 (ЮГО-ЗАПАДНЕЕ ПЕРЕСЕЧЕНИЯ С САДОВОЙ УЛ.)",Пушкинский,"Санкт-Петербург, г. Павловск, Колхозная ул., участок 1 (юго-западнее пересечения с Садовой ул.)",на стадии подготовки,-,30.12.2024,"КОНКУРС
(ГК - июнь 2022г.)",20164.9,-,Работы не ведутся,СМР
40,78:32:0001079:8,"РЕКОНСТРУКЦИЯ ДЛЯ РАЗМЕЩЕНИЯ СПБ ГУ ""ЦЕНТР СОЦИАЛЬНОЙ РЕАБИЛИТАЦИИ ИНВАЛИДОВ И ДЕТЕЙ-ИНВАЛИДОВ АДМИРАЛТЕЙСКОГО РАЙОНА"" 
УЛ. МЯСНАЯ, Д. 3, ЛИТЕРЫ А, В, М",Адмиралтейский,"Санкт-Петербург, ул. Мясная, д. 3, литеры А, В, М",на стадии подготовки,-,30.12.2024,"КОНКУРС
(ГК - июнь 2022г.)",7224.65,-,Работы не ведутся,СМР
41,78:38:0022102:3925,"СТРОИТЕЛЬСТВО ОБЩЕЖИТИЯ ДЛЯ СОТРУДНИКОВ СПБ ГБУЗ ""ГОРОДСКАЯ БОЛЬНИЦА №40 КУРОРТ. Р-НА"": РЕПИНО, ПРИМОРСК. Ш., ЗАПАДНЕЕ Д. 423, К. 2",Курортный,"Санкт-Петербург, посёлок Репино, Приморское шоссе, участок 108, (северо-западнее дома 423, литера О по Приморскому шоссе)",Договор безвозмездного пользования №22/ЗБ-04743 от 10.02.2020 (ФКСР),02.07.2020,15.12.2021,"№ 36/ЭА-20 от 02.07.2020 ООО ""СОТЭКС""",11385.0,-,"Строительно-монтажные работы завершены, получено разрешение на ввод объекта в эксплуатацию от 31.08.2021 № 78-10-19-2021",СМР
42,78:32:0001090:3,"ПРИСПОСОБЛЕНИЕ ДЛЯ СОВРЕМЕННОГО ИСПОЛЬЗОВАНИЯ ЗДАНИЯ ОБЪЕКТА КУЛЬТУРНОГО НАСЛЕДИЯ ФЕДЕРАЛЬНОГО ЗНАЧЕНИЯ «ДОМ КОЧУБЕЯ М.В.»  КОННОГВАРДЕЙСКИЙ БУЛЬВАР, Д. 7, ЛИТ. А",Адмиралтейский,"Санкт-Петербург, Конногвардейский бульвар, д.7, лит. А",на стадии подготовки,-,30.12.2024,"КОНКУРС
(ГК - июнь 2022г.)",3977.8,-,Работы не ведутся,СМР
43,78:38:0021380:2492,"СТРОИТЕЛЬСТВО ОБЩЕЖИТИЯ ДЛЯ СОТРУДНИКОВ ОНКОЛОГИЧЕСКОЙ БОЛЬНИЦЫ ПОС. ПЕСОЧНЫЙ, ЛЕНИНГРАДСКАЯ УЛ., УЧАСТОК 1 (ЮГО-ВОСТОЧНЕЕ ДОМА 68, ЛИТЕРА Щ ПО ЛЕНИНГРАДСКОЙ УЛИЦЕ)",Курортный,"Санкт-Петербург, пос. Песочный, Ленинградская ул., участок 1 (юго-восточнее дома 68, литера Щ по Ленинградской ул.)",Договор безвозмездного пользования №22/ЗБ-04967 от 20.01.2022 (ФКСР),-,30.12.2024,"КОНКУРС
(ГК - июнь 2022г.)",10346.37,-,Работы не ведутся,СМР
44,78:11:0006019:24,"СТРОИТЕЛЬСТВО АРХИВНОГО КОМПЛЕКСА ДЛЯ САНКТ-ПЕТЕРБУРГСКИХ КАЗЕННЫХ УЧРЕЖДЕНИЙ ""ЦЕНТРАЛЬНЫЙ ГОСУДАРСТВЕННЫЙ ИСТОРИЧЕСКИЙ АРХИВ САНКТ-ПЕТЕРБУРГА"" И ""ЦЕНТРАЛЬНЫЙ ГОСУДАРСТВЕННЫЙ АРХИВ ЛИТЕРАТУРЫ И ИСКУССТВА САНКТ-ПЕТЕРБУРГА""  
ЗАНЕВСКИЙ ПР., УЧАСТОК 1 (СЕВЕРО-ЗАПАДНЕЕ ПЕРЕСЕЧЕНИЯ С ОХТИНСКОЙ ВЕТКОЙ ЖЕЛЕЗНОЙ ДОРОГИ)",Красногвардейский,"Санкт-Петербург, Заневский пр., участок 1 (северо-западнее пересечения с Охтинской веткой железной дороги)",на стадии подготовки,-,30.12.2024,"КОНКУРС
(ГК - июнь 2022г.)",18550.0,-,Работы не ведутся,СМР
45,78:15:0008042:2,"РЕКОНСТРУКЦИЯ ЗДАНИЯ НОВООВСЯННИКОВСКАЯ УЛ., Д. 19А, 
ЛИТЕРА А",Кировский,"Санкт-Петербург, Новоовсянниковская ул., д. 19А, литера А",на стадии подготовки,-,30.12.2023,"КОНКУРС
(ГК - июнь 2022г.)",1062.8,-,Работы не ведутся,СМР
46,78:38:0021360:174,"СТРОИТЕЛЬСТВО ЗДАНИЯ СКЛАДА ДЛЯ САНКТ-ПЕТЕРБУРГСКОГО ГОСУДАРСТВЕННОГО КАЗЕННОГО УЧРЕЖДЕНИЯ ЗДРАВООХРАНЕНИЯ ОСОБОГО ТИПА МЕДИЦИНСКИЙ ЦЕНТР МОБИЛИЗАЦИОННЫХ РЕЗЕРВОВ ""РЕЗЕРВ""  САНКТ-ПЕТЕРБУРГ, ПОС. ПЕСОЧНЫЙ, ЛЕНИНГРАДСКАЯ УЛ., Д. 72А, ЛИТ. Ж",Курортный,"Санкт-Петербург, пос. Песочный, Ленинградская ул., д. 72А, литера Ж",на стадии подготовки,-,30.12.2023,"КОНКУРС
(ГК - июнь 2022г.)",917.9,-,Работы не ведутся,СМР
47,78:37:0017116:7577,"СТРОИТЕЛЬСТВО ДОШКОЛЬНОГО ОБРАЗОВАТЕЛЬНОГО УЧРЕЖДЕНИЯ, САНКТ-ПЕТЕРБУРГ, ГОРОД КОЛПИНО, УЛИЦА ИЖОРСКОГО БАТАЛЬОНА, УЧАСТОК 1,(СЕВЕРО-ЗАПАДНЕЕ ДОМА 9, ЛИТЕРА А ПО УЛИЦЕ ИЖОРСКОГО БАТАЛЬОНА); Г.КОЛПИНО, КВАРТАЛ 16 ,УЛ. ИЖОРСКОГО БАТАЛЬОНА, ВО ДВОРЕ Д.7 (220 МЕСТ), ВКЛЮЧАЯ КОРРЕКТИРОВКУ ПРОЕКТНОЙ ДОКУМЕНТАЦИИ СТАДИИ РД",КОЛПИНСКИЙ,"САНКТ-ПЕТЕРБУРГ, ГОРОД КОЛПИНО, УЛИЦА ИЖОРСКОГО БАТАЛЬОНА, УЧАСТОК 1",№ 06/ЗБ-03785 от 18.09.2018,02.09.2019,01.11.2021,"№ 18/ЭА-19 от 02.09.2019
ООО ""КИТ""",1574.0,-,"Строительно-монтажные работы завершены, получено разрешение на ввод объекта в эксплуатацию от 17.08.2021 № 78-06-35-2021",СМР
48,78:11:0005606:8468,"СТРОИТЕЛЬСТВО ЗДАНИЯ ДОШКОЛЬНОГО ОБРАЗОВАНИЯ НА 160 МЕСТ С БАССЕЙНОМ (18 ЭТАП СТРОИТЕЛЬСТВА) ПО АДРЕСУ: Г. САНКТ-ПЕТЕРБУРГ, ТЕРРИТОРИЯ ПРЕДПРИЯТИЯ ""РУЧЬИ"", УЧАСТОК 8 (УЧ. 196 ПО ППТ), ВКЛЮЧАЯ РАЗРАБОТКУ РД",Красногвардейский,"САНКТ-ПЕТЕРБУРГ, ТЕРРИТОРИЯ ПРЕДПРИЯТИЯ ""РУЧЬИ"", УЧАСТОК 8 (УЧ. 196 ПО ПРОЕКТУ ПЛАНИРОВКИ ТЕРРИТОРИИ)",№ 07/ЗБ-05964 от 17.12.2020,10.08.2021,31.07.2023,"№ 57/ОК-21 от 10.08.2021
ООО ""КИТ""",3448.0,,Подготовительные работы,СМР
49,78:10:0005123:8618,"СТРОИТЕЛЬСТВО ЗДАНИЯ ДОШКОЛЬНОГО ОБРАЗОВАТЕЛЬНОГО УЧРЕЖДЕНИЯ НА ТЕРРИТОРИИ, ОГРАНИЧЕННОЙ ПР. МАРШАЛА БЛЮХЕРА, ПРОЕКТИРУЕМОЙ УЛ., ПОЛЮСТРОВСКИМ ПР., ПРОЕКТИРУЕМОЙ УЛ., ФЗУ 10 (240 МЕСТ)",КАЛИНИНСКИЙ,"САНКТ-ПЕТЕРБУРГ, ТЕРРИТОРИЯ, ОГРАНИЧЕННАЯ ПР. МАРШАЛА БЛЮХЕРА, ПРОЕКТИРУЕМОЙ УЛ., ПОЛЮСТРОВСКИМ ПР., ПРОЕКТИРУЕМОЙ УЛ., ФЗУ 10",№ 04/ЗБ-04149 от 25.01.2021,12.04.2021,30.12.2022,"№ 13/ОК-21 от 12.04.2021
ООО ""ТЕРРИКОН""",6438.07,-,"Ведутся работы по установке опалубки, армированию и бетонированию монолитных балок и перекрытия 1 этажа, кладке внутренних и наружных стен из газобетонных блоков полнотелого кирпича, монтажу перемычек, устройству сетей наружной канализации, обратной засыпке пазух котлована, разметке мест креплений трубопроводов.",СМР
50,78:34:0004281:81,"СТРОИТЕЛЬСТВО ОБЩЕОБРАЗОВАТЕЛЬНОЙ ШКОЛЫ ПО АДРЕСУ: САНКТ-ПЕТЕРБУРГ, ПРИМОРСКИЙ РАЙОН, ШУВАЛОВСКИЙ ПРОСПЕКТ,  УЧАСТОК 144 (ЮЖНАЯ ЧАСТЬ КВАРТАЛА 78А РАЙОНА КАМЕНКА) (550 МЕСТ), ВКЛЮЧАЯ КОРРЕКТИРОВКУ ПРОЕКТНОЙ ДОКУМЕНТАЦИИ СТАДИИ РД",ПРИМОРСКИЙ,"САНКТ-ПЕТЕРБУРГ, ШУВАЛОВСКИЙ ПРОСПЕКТ,  УЧАСТОК 144 (ЮЖНАЯ ЧАСТЬ КВАРТАЛА 78А РАЙОНА КАМЕНКА)",№ 17/ЗБ-07471 от 02.03.2020,06.10.2017,30.07.2021,"№ 16/ЗП-19 от 31.10.2019
ООО ""ИНТЕКС""",4311.0,-,"Строительно-монтажные работы завершены, получено разрешение на ввод объекта в эксплуатацию от 13.08.2021 № 78-15-65-2021",СМР
51,78:11:0005606:8474,"СТРОИТЕЛЬСТВО ЗДАНИЯ СРЕДНЕГО ОБЩЕГО ОБРАЗОВАНИЯ НА 825 МЕСТ (19 ЭТАП СТРОИТЕЛЬСТВА) по адресу: Г. САНКТ-ПЕТЕРБУРГ, ТЕРРИТОРИЯ ПРЕДПРИЯТИЯ ""РУЧЬИ"", УЧАСТОК 8 (УЧ. 204 ПО ПРОЕКТУ ПЛАНИРОВКИ ТЕРРИТОРИИ)",Красногвардейский,"САНКТ-ПЕТЕРБУРГ, ТЕРРИТОРИЯ ПРЕДПРИЯТИЯ ""РУЧЬИ"", УЧАСТОК 8 (УЧ. 204 ПО ПРОЕКТУ ПЛАНИРОВКИ ТЕРРИТОРИИ)",№ 07/ЗБ-05966 от 17.12.2020,-,20.07.2024,"КОНКУРС
(ГК - май 2022 г.)",19298.1,,Работы не ведутся,СМР
52,78:36:0005011:2,"ПРИСПОСОБЛЕНИЕ ДЛЯ СОВРЕМЕННОГО ИСПОЛЬЗОВАНИЯ ЗДАНИЯ СПБ ГУ ""ДОМ МОЛОДЕЖИ ВЫБОРГСКОГО РАЙОНА ""ФОРПОСТ"" ПО АДРЕСУ: САНК-ПЕТЕРБУРГ, БОЛЬШОЙ САМПСОНИЕВСКИЙ ПР., Д.37",ВЫБОРГСКИЙ,"Санкт-Петербург, Большой Сампсониевский проспект , дом 37","Свидетельство о гос регистрации  права СПб ГБУ ""Дом молодежи ""Форпост""",28.10.2019,30.06.2022,"ООО ""Аркада""",2160.2,-,"Отделочные работы
Подсобные работы (наведение порядка, уборка мусора)
Монтаж светильников Монтаж оконечников слаботочных сетей",Реконструкция
53,78:6:2099А:1,"РЕКОНСТРУКЦИЯ ЗДАНИЯ, РАСПОЛОЖЕННОГО ПО АДРЕСУ: САНКТ-ПЕТЕРБУРГ, СРЕДНИЙ ПР. В.О., ДОМ 93, ЛИТЕР А, ЗАНИМАЕМОГО САНКТ-ПЕТЕРБУРГСКИМ ГОСУДАРСТВЕННЫМ УЧРЕЖДЕНИЕМ КУЛЬТУРЫ ""ЦЕНТР СОВРЕМЕННОГО ИСКУССТВА ИМЕНИ СЕРГЕЯ КУРЕХИНА""",ВАСИЛЕОСТРОВСКИЙ,"Санкт-Петербург, Средний проспект В.О., д.93, литера А","Свидетельство о гос регистрации  права СПб ГУК ""Центр современного искусства им. Сергея Курёхина""",21.12.2021,25.12.2024,"ООО ""ПСБ ""ЖИЛСТРОЙ""",5484.65,-,Подготовительные работы,Реконструкция
54,78:34:0004152:11,"СТРОИТЕЛЬСТВО ЗДАНИЯ ДЕТСКОЙ ШКОЛЫ ИСКУССТВ ПО АДРЕСУ: ТУРИСТСКАЯ УЛ., УЧАСТОК 1 (ЮЖНЕЕ ДОМА 33, ЛИТЕРА А ПО ТУРИСТСКОЙ УЛИЦЕ), ВКЛЮЧАЯ РАЗРАБОТКУ ПРОЕКТНОЙ ДОКУМЕНТАЦИИ СТАДИИ РД",ПРИМОРСКИЙ,"Санкт-Петербург, Туристская ул., участок 1 (южнее дома 33, литера А по Туристской улице)",Договор безвозмездного пользования №17/ЗБ-07305 от 03.07.2019 (ФКСР),01.07.2019,10.08.2020,"АО ""МОНОЛИТСТРОЙ""",4605.9,-,объект введен,Разрешение на ввод от 25.08.2020                 №78-15-41-2020
55,78:31:0001225:14,"ПРИСПОСОБЛЕНИЕ ДЛЯ СОВРЕМЕННОГО ИСПОЛЬЗОВАНИЯ ЗДАНИЯ ДЛЯ САНКТ-ПЕТЕРБУРГСКОГО ГОСУДАРСТВЕННОГО УЧРЕЖДЕНИЯ КУЛЬТУРЫ ""ЦЕНТРАЛЬНАЯ ГОРОДСКАЯ ПУБЛИЧНАЯ БИБЛИОТЕКА ИМЕНИ В.В.МАЯКОВСКОГО"" ПО АДРЕСУ: НАБ. Р. ФОНТАНКИ, Д. 44, ЛИТЕРА А",ЦЕНТРАЛЬНЫЙ,"Санкт-Петербург, Набережная реки Фонтанки, дом 44, литера А","Постоянное (бессрочное) пользование №78-78-42/017/2013-132 от 02.03.2013 (СПб ГБУК ""Центральная городская публичная библиотека им. В.В.Маяковского"")",06.11.2018,30.05.2021,"ООО ""ПСБ ""ЖИЛСТРОЙ""",4526.9,-,объект введен,Разрешение на ввод от 31.08.2021                 №01-56-4/21-0-1
56,78:40:0009062:31,"СТРОИТЕЛЬСТВО ДОМА КУЛЬТУРЫ ПО АДРЕСУ: Г.КРАСНОЕ СЕЛО, КИНГИСЕППСКОЕ ШОССЕ, УЧАСТОК 1 (ЮГО-ЗАПАДНЕЕ ПЕРЕСЕЧЕНИЯ С ГАТЧИНСКИМ ШОССЕ) (Г. КРАСНОЕ СЕЛО, КВАРТАЛ 6)",КРАСНОСЕЛЬСКИЙ,"г.Санкт-Петербург, город Красное Село, Кингисеппское шоссе, участок 1, (юго-западнее пересечения с Гатчинским
шоссе)","Договор безвозмездного пользования №08/ЗКБ-000229 от 02.012.2015, ДС 1 от 18.04.2017 (ФКСР)",29.08.209,25.12.2020,"ООО ""СТРОЙСИНДИКАТ""",5425.01,-,объект введен,Разрешение  на ввод от 31.12.2020                  №78-08-101-2020
57,78:38:22459:4,"СТРОИТЕЛЬСТВО ЗДАНИЯ КИНОКОНЦЕРТНОГО КОМПЛЕКСА ПО АДРЕСУ: ГОРОД ЗЕЛЕНОГОРСК, ПРИМОРСКОЕ ШОССЕ, Д. 536, ЛИТ. Б",КУРОРТНЫЙ,"город Зеленогорск, Приморское шоссе, д. 536, лит. Б",,22.06.2021,30.06.2023,"ООО ""Террикон""",30 061.00,-,Получение согласование КГА,Подготовка СМР
58,78:38:0011113:3248,"СТРОИТЕЛЬСТВО ЗДАНИЯ ДЛЯ РАЗМЕЩЕНИЯ ДОМА КУЛЬТУРЫ ПО АДРЕСУ: САНКТ-ПЕТЕРБУРГ, Г. СЕСТРОРЕЦК, НАБ. СТРОИТЕЛЕЙ, УЧАСТОК 1 (ВОСТОЧНЕЕ Д.8, ЛИТЕРА А ПО НАБ. СТРОИТЕЛЕЙ),  ВКЛЮЧАЯ КОРРЕКТИРОВКУ ПРОЕКТНОЙ ДОКУМЕНТАЦИИ СТАДИИ РД",КУРОРТНЫЙ,"Санкт-Петербург, г. Сестрорецк, наб. Строителей, участок 1 (Восточнее д.8, Литера А по наб. Строителей)",,,,,,,"Работы не выполняются.
Разрешение на строитнльство приостановлено СГСНиЭ с 02.03.2020 по решению суда",Расторжение ГК СМР
59,78:38:2262701:31,"СТРОИТЕЛЬСТВО ЗДАНИЙ ДЕТСКОГО ТУБЕРКУЛЕЗНОГО САНАТОРИЯ ""ЖЕМЧУЖИНА"", ПОС. УШКОВО, УЛИЦА ПЛЯЖЕВАЯ, ДОМ 10",КУРОРТНЫЙ,"Санкт-Петербург, Пляжевая улица, дом 10, литера Е","Свидетельство о гос регистрации  права СПб ГУЗ ""Детский туберкулезный санаторий ""Жемчужина""",07.06.2019,30.06.202,"АО ""МОНОЛИТСТРОЙ""",32290.92,-,"Устройство внутренних и наружных инженерных сетей, ведутся отделочные работы, благоустройство.",СМР
60,78:38:11103:0:47,"РЕКОНСТРУКЦИЯ КОРПУСОВ ЛИТЕР Б, П, Д, Ж, СПБ  ГБУЗ ""ГОРОДСКАЯ БОЛЬНИЦА № 40 КУРОРТНОГО РАЙОНА"" ПО АДРЕСУ: САНКТ-ПЕТЕРБУРГ, Г. СЕСТРОРЕЦК, УЛ. БОРИСОВА, Д. 9",КУРОРТНЫЙ,"Санкт-Петербург, город Сестрорецк, дом 9","Свидетельство о гос регистрации  права СПб ГУЗ ""Городская больница № 40 Курортного района""",08.10.2019,15.12.2021,"ООО ""СОТЭКС""",31680.3,-,объект введен,Разрешение на ввод объекта в эксплуатацию от 30.12.2021 №78-10-27-2021
61,78:37:0017102:68,"СТРОИТЕЛЬСТВО НОВОГО КОРПУСА ""ГОРОДСКАЯ БОЛЬНИЦА № 33"",  Г.КОЛПИНО, УЛ.ПАВЛОВСКАЯ, Д.16, ЛИТЕРА А",КОЛПИНСКИЙ,"Санкт-Петербург, город Колпино, Павловская улица, д. 16, лит. А","Свидетельство о гос регистрации  права СПб ГУЗ ""Городская больница № 33""",21.09.2020,15.12.2020,"ООО""РР-СИТИ""",31024.2,-,объект введен,Разрешение на ввод от 25.12.2020  №78-06-39-2020 - I технологический этап - секция 1 и секция 2 (оси А-Ю/1-13).                                                                     Разрешение на ввод объекта в эксплуатацию от 23.03.2021 №78-06-04-2021 - II технологический этап - секция 3 (оси Б-Х/14-22).
62,78:13:0740201:1,"СТРОИТЕЛЬСТВО ЗДАНИЯ ИНСТИТУТ СКОРОЙ ПОМОЩИ ИМ. И.И. ДЖАНЕЛИДЗЕ"" ПО АДРЕСУ: БУДАПЕШТСКАЯ УЛ., Д. 3/5",ФРУНЗЕНСКИЙ,"Санкт-Петербург, Будапештская улица, дом 3, литера А","Свидетельство о гос регистрации  права  ГУ ""Санкт-Петербургский научно-исследовательский институт скорой помощи имени И.И.Джанелидзе""",21.06.2019,30.11.2022,ООО «БалтИнвестСтрой»,20747.57,-,Чистовая отделка. Монтаж чистых помещений. Монтаж инженерных коммуникаций. Монтаж лифтового оборудования. Устройство наружных инженерных сетей.,СМР
63,78:40:0008341:34,"СТРОИТЕЛЬСТВО ПОДСТАНЦИИ СКОРОЙ МЕДИЦИНСКОЙ ПОМОЩИ, ЛЕНИНСКИЙ ПР.,УЧАСТОК 2",КРАСНОСЕЛЬСКИЙ,"Санкт-Петербург, Ленинский проспект, участок 2, (северо-
западнее пересечения с улицей Доблести), (Юго-Запад,
квартал 21, участок 2)",Договор безвозмездного пользования №08/ЗБ-02855 от 14.09.2018 (ФКСР),05.08.2019,25.12.2020,"ООО ""НОВЫЙ ГОРОД""",1418.77,-,объект введен,Разрешение на ввод  от 28.12.2020                №78-08-94-2020
64,78:40:9043:3001,"СТРОИТЕЛЬСТВО ЗДАНИЯ ПОЛИКЛИНИКИ, Г. КРАСНОЕ СЕЛО, ПЕРЕУЛОК ЩУППА, УЧАСТОК 1",КРАСНОСЕЛЬСКИЙ,"Санкт-Петербург, город Красное Село, переулок Щуппа,
участок 1, (восточнее дома 120, литера А по проспекту
Ленина)",Договор безвозмездного пользования №08/ЗБ-02918 от 13.05.2019 (ФКСР),09.07.2020,10.12.2020,"ООО ""СУ-17""",12467.0,-,объект введен,Разрешение на ввод  от 09.07.2021                №78-08-23-2021
65,78:34:0004223:17,"СТРОИТЕЛЬСТВО ПОЛИКЛИНИКИ ДЛЯ ВЗРОСЛЫХ ПО АДРЕСУ: САНКТ-ПЕТЕРБУРГ, КОЛОМЯГИ, КВ. 12А, КОРП. 16 (ВЕРБНАЯ УЛ., УЧ. 1 (ВОСТОЧНЕЕ Д. 12, КОРП. 1, ЛИТ. А ПО ВЕРБНОЙ УЛ.) (600 ПОСЕЩЕНИЙ В СМЕНУ), ВСЕГО:",ПРИМОРСКИЙ,"Санкт-Петербург, Вербная улица, участок 1, (восточнее
дома 12, корпус 1, литера А по Вербной улице)",Договор безвозмездного пользования №17/ЗБ-07160 от 18.12.2018 (ФКСР),31.01.2020,25.12.2020,"ООО ""СТРОЙАКТИВ""",8980.0,-,объект введен,Разрешение на ввод от 30.12.2020                №78-15-116-2020
66,78:40:0009042:20,"СТРОИТЕЛЬСТВО ЗДАНИЯ ДЕТСКОЙ ПОЛИКЛИНИКИ НА 420 ПОСЕЩЕНИЙ В СМЕНУ ПО АДРЕСУ: САНКТ-ПЕТЕРБУРГ, Г. КРАСНОЕ СЕЛО, УЛИЦА ВОССТАНОВЛЕНИЯ, УЧАСТОК 1 (ЗАПАДНЕЕ ДОМА 15, КОРПУС 3, ЛИТЕРА В ПО УЛ. ВОССТАНОВЛЕНИЯ), ВСЕГО:",КРАСНОСЕЛЬСКИЙ,"Санкт-Петербург, город Красное Село, улица
Восстановления, участок 1, (западнее дома 15, корпус 3,
литера В по улице Восстановления)",Договор безвозмездного пользования №08/ЗБ-02959 от 10.10.2018 (ФКСР),27.02.2020,25.12.2020,"ООО ""СУ-17""",9964.0,-,объект введен,Разрешение на ввод от 28.12.2020                     №78-08-93-2020
67,78:40:1916402:48,"СТРОИТЕЛЬСТВО НОВОГО ЗДАНИЯ ГБУЗ ""ГОРОДСКАЯ ПОЛИКЛИНИКА № 64"" ДЛЯ ВЗРОСЛЫХ И ДЕТЕЙ (340 ПОСЕЩЕНИЙ В СМЕНУ) ПО АДРЕСУ: САНКТ-ПЕТЕРБУРГ, ПОС. СТРЕЛЬНА, ЛЬВОВСКАЯ УЛ., УЧАСТОК 1  (ЗАПАДНЕЕ ДОМА 76 ЛИТЕРА А ПО ФРОНТОВОЙ УЛИЦЕ), ВСЕГО:",ПЕТРОДВОРЦОВЫЙ,"Санкт-Петербург, поселок Стрельна, Львовская улица,
участок 1, (западнее дома 7б, литера А по Фронтовой улице)","Договор безвозмездного пользования ( ООО ""ГСТ"") №16/ЗБС-10476 от 08.10.2018 , ДС № 2 от 24.04.20",23.08.2018,30.04.2020,"ООО ""ГСТ""",10864.11,-,объект введен,Разрешение на ввод  от 22.07.2020                    №78-14-09-2020
68,78:12:0631901:9849,"СТРОИТЕЛЬСТВО ЗДАНИЯ ПОЛИКЛИНИКИ ДЛЯ ВЗРОСЛЫХ (600 ПОСЕЩЕНИЙ В СМЕНУ) ПО АДРЕСУ: САНКТ-ПЕТЕРБУРГ, СОЮЗНЫЙ ПРОСПЕКТ, УЧАСТОК 16 (СЕВЕРО-ВОСТОЧНЕЕ ПЕРЕСЕЧЕНИЯ С УЛИЦЕЙ КОЛЛОНТАЙ), всего:",НЕВСКИЙ,"Санкт-Петербург, Союзный проспект, участок 16, (северо-
восточнее пересечения с улицей Коллонтай)",Договор безвозмездного пользования №13/ЗБ-05946 от 18.09.2018 (ФКСР),06.06.2019,15.12.2021,"ООО СТРОИТЕЛЬНАЯ КОМПАНИЯ ""ВЫСОТСПЕЦСТРОЙ""",9974.02,-,объект введен,Разрешение на ввод объекта в эксплуатацию от 14.12.2021 №78-12-38-2021
69,78:12:0631901:9848,"СТРОИТЕЛЬСТВО ЗДАНИЯ ПОЛИКЛИНИКИ ДЛЯ ДЕТЕЙ, СОЮЗНЫЙ ПР., УЧАСТОК 14",НЕВСКИЙ,"Санкт-Петерубрга, Союзный проспект, участок 14, (юго-
западнее дома 14, корпус 5, литера А по улице Бадаева)",Договор безвозмездного пользования №13/ЗБ-05980 от 25.02.2019 (ФКСР),02.12.2019,15.12.2021,ООО «СУАР-Групп»,10421.47,-,объект введен,Разрешение на ввод  от 31.08.2021                    №78-12-26-2021
70,78:38:0021380:10,"САНКТ-ПЕТЕРБУРГСКИЙ КЛИНИЧЕСКИЙ НАУЧНО-ПРАКТИЧЕСКИЙ ЦЕНТР СПЕЦИАЛИЗИРОВАННЫХ ВИДОВ МЕДИЦИНСКОЙ ПОМОЩИ (ОНКОЛОГИЧЕСКИЙ), ПОСЕЛОК ПЕСОЧНЫЙ, ЛЕНИНГРАДСКАЯ УЛ., ДОМ 68А, ЛИТЕРА А",КУРОРТНЫЙ,"Санкт-Петербург, посёлок Песочный, Ленинградская улица,
дом 68а, литера А","Свидетельство о гос регистрации  права СПб ГБУЗ ""Санкт-Петербургский клинический научно-практический центр специализированных видов медицинской помощи (онкологический)""",25.11.2020,30.11.2022,"ООО ""ЭлинАльфа""",13432.9,-,"1. Устройство монолитного каркаса 2-5этаж 
2. Кладка перегородок подвала",СМР
71,78:37:0017117:5266,"СТРОИТЕЛЬСТВО ЗДАНИЯ ДЕТСКОЙ ПОЛИКЛИНИКИ, Г. КОЛПИНО, МОСКОВСКАЯ УЛ., УЧ. 2 (ТВЕРСКАЯ УЛ.,)",КОЛПИНСКИЙ,"Санкт-Петербург, город Колпино, Московская улица, участок
2, (южнее дома 3, корпус 2, литера А по Московской улице)",Договор безвозмездного пользования №06/ЗБ-03783 от 11.09.2018 (ФКСР),31.05.2019,30.06.2021,"ООО ""С-ИНДУСТРИЯ""",8621.1,-,объект введен,Разрешение на ввод  от 27.08.2020                    №78-06-37-2021
72,78:06:0002015:1826,"СТРОИТЕЛЬСТВО ЗДАНИЯ НОВОГО КОРПУСА ""ДЕТСКАЯ ГОРОДСКАЯ БОЛЬНИЦА № 2 СВЯТОЙ МАРИИ МАГДАЛИНЫ"", 1-Я ЛИНИЯ В.О., Д. 58",ВАСИЛЕОСТРОВСКИЙ,"Санкт-Петербург, 1-я линия В.О., д.58","Свидетельство о гос регистрации  права СПб ГБУЗ ""Детская городская больница № 2 святой Марии Магдалины""",10.09.2019,15.12.2021,"ООО СТРОИТЕЛЬНАЯ КОМПАНИЯ ""ВЫСОТСПЕЦСТРОЙ""",5428.1,-,объект введен,Разрешение на ввод объекта в эксплуатацию от 29.12.2021 №78-02-11-2021
73,78:40:0845601:7,"СТРОИТЕЛЬСТВО ЗДАНИЯ ГБУЗ ""ДЕТСКАЯ ГОРОДСКАЯ БОЛЬНИЦА №1"", АВАНГАРДНАЯ УЛИЦА, ДОМ 14, ЛИТЕРА А",КРАСНОСЕЛЬСКИЙ,"Санкт-Петербург, Авангардная ул., д.14, литера А","Свидетельство о гос регистрации  права СПб ГБУЗ ""Детская городская больница № 1""",29.12.2020,10.12.2023,ООО «БалтИнвестСтрой»,44945.86,-,Отрывка котлована. Бетонирование фундаметной плиты в осях 7-10,СМР
74,78:42:0018241:14,"СТРОИТЕЛЬСТВО ЗДАНИЯ ""СТАНЦИЯ СКОРОЙ МЕДИЦИНСКОЙ ПОМОЩИ № 4"", Г. ПУШКИН, ТИНЬКОВ ПЕРЕУЛОК, УЧАСТОК 1",ПУШКИНСКИЙ,"Санкт-Петербург, г. Пушкин, Тиньков пер., участок 1",Договор безвозмездного пользования №18/ЗБ-02946 от 15.10.2018 (ФКСР),14.05.2019,26.12.2019,"ООО СТРОИТЕЛЬНАЯ КОМПАНИЯ ""ВЫСОТСПЕЦСТРОЙ""",3236.2,-,объект введен,Разрешение на ввод  от 26.12.2019                  №78-16-73-2020
75,78:10:0005113:2169,"РЕКОНСТРУКЦИЯ БОЛЬНИЧНОГО КОРПУСА ""КЛИНИЧЕСКАЯ БОЛЬНИЦА СВЯТИТЕЛЯ ЛУКИ"", УЛ. ЧУГУННАЯ, Д. 46, ЛИТЕР А, КОР. 152",КАЛИНИНСКИЙ,"Санкт-Петербург, Чугунная улица, дом 46, литера А, корпус 152","Свидетельство о гос регистрации  права СПб ГБУЗ ""Клиническая больница Святителя Луки""",09.04.2019,30.04.2020,"ООО ""ЭлинАльфа""",9983.0,-,объект введен,Разрешение на ввод от 31.07.2020               №78-04-17-2020
76,78:37:17418:11,"СТРОИТЕЛЬСТВО ЗДАНИЯ ""СТАНЦИЯ СКОРОЙ  ПОМОЩИ"", ПОС. МЕТАЛЛОСТРОЙ , УЛ. ПИОНЕРСКАЯ, УЧ. 1",КОЛПИНСКИЙ,"Санкт-Петербург, поселок Металлострой, Пионерская ул.,
участок 1, (северо-западнее дома 1, литера Д по Пионерской ул.)","Договор безвозмездного пользования №06/ЗБС-10322 от 22.11.2017, ДС 1 от 29.12.2018(ФКСР)",31.01.2020,31.07.2020,"ООО ""КИТ""",1152.6,-,объект введен,Разрешение на ввод от 06.10.2020               №78-06-19-2020
77,,"СТРОИТЕЛЬСТВО МНОГОПРОФИЛЬНОГО ЛЕЧЕБНО-ДИАГНОСТИЧЕСКОГО КОРПУСА СПБ ГБУЗ ""ГОСПИТАЛЬ ДЛЯ ВЕТЕРАНОВ ВОЙН"" (С РАЗРАБОТКОЙ ПРОЕКТНОЙ ДОКУМЕНТАЦИИ) ПО АДРЕСУ: САНКТ-ПЕТЕРБУРГ, УЛ. НАРОДНАЯ, Д. 21, КОРП. 2",НЕВСКИЙ,"Санкт-Петербург, ул. Народная, д 21, корп 2",,15.07.2020,25.12.2020,"ООО ""Лентехстрой""",19896.54,-,объект введен,Разрешение на ввод от 18.12.2020              №78-12-50-2020
78,78:12:0006305:5482,"СТРОИТЕЛЬСТВО ЗДАНИЯ ОТДЕЛЕНИЯ СКОРОЙ МЕДИЦИНСКОЙ ПОМОЩИ НА 20 БРИГАД ДЛЯ СПБ ГБУЗ «ГОРОДСКАЯ ПОЛИКЛИНИКА № 8» ПО АДРЕСУ: УЛ. КРЫЛЕНКО, УЧАСТОК 1 (СЕВЕРО-ВОСТОЧНЕЕ ДОМА 45, КОРП. 1, ЛИТЕРА А ПО УЛ. КРЫЛЕНКО)",НЕВСКИЙ,"Санкт-Петербург, ул. Крыленко, участок 1 (северо-восточнее дома 45, корп. 1, литера А по ул. Крыленко)",Договор безвозмездного пользования №13/ЗБ-06241 от 07.12.2020 (ФКСР),26.07.2021,31.07.2022,"ООО ""ПРОСПЕРИТИ""","1 522,00",-,Устройство плиты перекрытия. Устройство ростверков. Устройство кольцевого дренажа. Гидроизоляция стен цокольного этажа.,СМР
79,78:34:0415902:10796,"СТРОИТЕЛЬСТВО ЗДАНИЯ ПОЛИКЛИНИКИ, ТУРИСТСКАЯ УЛ., УЧАСТОК 17",ПРИМОРСКИЙ,"Санкт-Петербург, Туристская ул., участок 17 (юго-западнее пересечения
с ул. Оптиков (СПЧ, кв. 59А, корп. 33)",Договор безвозмездного пользования №17/ЗБ-07161 от 26.11.2018 (ФКСР),24.06.2021,30.11.2023,"ООО ""СУАР-Групп""",10867.16,-,Подготовка к откопке котлована,СМР
80,78:38:1120301:1007,"РЕКОНСТРУКЦИЯ  ОБЩЕОБРАЗОВАТЕЛЬНОЙ ШКОЛЫ № 434 КУРОРТНОГО РАЙОНА, Г. СЕСТРОРЕЦК, УЛ. МОСИНА, Д.63, ЛИТЕРА А",КУРОРТНЫЙ,"Г. СЕСТРОРЕЦК, УЛ. МОСИНА, Д.63, ЛИТЕРА А",свидетельство от 25.03.2014 №78-АЗ 263119,28.10.2014,30.07.2021,"ООО ""СТРОЙСИНДИКАТ""",2589.0,-,объект введен,Разрешение на ввод от 08.09.2021              №78-10-20-2021
81,78:37:1720103:5,"СТРОИТЕЛЬСТВО НОВОГО ГОСУДАРСТВЕННОГО БЮДЖЕТНОГО ОБЩЕОБРАЗОВАТЕЛЬНОГО УЧРЕЖДЕНИЯ: КОЛПИНО, ТВЕРСКАЯ УЛ., Д.13",КОЛПИНСКИЙ,"Г. КОЛПИНО, ТВЕРСКАЯ УЛ., ДОМ 13, ЛИТЕРА А","Государственное бюджетное общеобразовательное учреждение средняя
общеобразовательная школа №455 с углублённым изучением английского языка
Колпинского района Санкт-Петербурга",05.04.2021,30.06.2023,"ООО ""СУАР-Групп""",18 470.00,-,"Устройство стен подвала, 1 и 2-го этажей. Подготовка к устройству лестничных маршей. Монолитные работы устройство плиты перекрытия третьего этажа.  Устройство внутренних сетей водоснабжения и канализации.",СМР
82,78:38:0022448:5,"СТРОИТЕЛЬСТВО ЗДАНИЯ ГБОУ ДОПОЛНИТЕЛЬНОГО ОБРАЗОВАНИЯ ДЛЯ ДЕТЕЙ ПО АДРЕСУ: ГОРОД ЗЕЛЕНОГОРСК, КОМСОМОЛЬСКАЯ УЛИЦА, УЧ. 1",КУРОРТНЫЙ,"Г. ЗЕЛЕНОГОРСК, КОМСОМОЛЬСКАЯ УЛИЦА, УЧАСТОК 1",Договор безвозмездного пользования № 22/ЗБ-04744 от 10.02.2020 (ФКСР),20.04.2021,30.06.2023,"ООО ""Апекс""",4549.6,-,Армирование стен техподполья. Демонта/монтаж оаплубки стен на захватке 11-12.,СМР
83,78:11:005609:1046,"СТРОИТЕЛЬСТВО ЗДАНИЯ ОБЩЕОБРАЗОВАТЕЛЬНОЙ ШКОЛЫ НА 1000 МЕСТ МУРИНСКАЯ ДОРОГА, УЧАСТОК 10 ФЗУ № 35 (1000 МЕСТ)",КАЛИНИНСКИЙ,"Санкт-Петербург, Муринская дорога, участок 10",Договор безвозмездного пользования № 07/ЗБ-05965 от 07.12.2020 (ФКСР),28.06.2021,31.08.2023,"ООО ""СУАР-Групп""","7 858,10",-,"1. Армирование стен, колонн, перекрытий блок 1.
2. Армирование фундаментной плиты блок 2.        3. Армирование стен, колонн, перекрытий блок 3.        4. Армирование стен, колонн, перекрытий. Устройство фундамента башенного крана блок 4.",СМР
84,78:12:0631901:11198,"СТРОИТЕЛЬСТВО ЗДАНИЯ ОБЩЕОБРАЗОВАТЕЛЬНОЙ ШКОЛЫ ДАЛЬНЕВОСТОЧНЫЙ ПРОСПЕКТ, УЧАСТОК 67 (СЕВЕРО-ВОСТОЧНЕЕ ПЕРЕСЕЧЕНИЯ С УЛИЦЕЙ ЕРЕМЕЕВА) (825 МЕСТ)",НЕВСКИЙ,"Санкт-Петербург, Дальневосточный проспект, участок 67",,19.07.2021,30.06.2023,"ООО ""СУ-17""",7 800.00,-,"1. Устройство перекрытия цокольного этажа блок А
2. Бетонирование стен цокольного этажа блок Б   3. Армирование стен цокольного этажа блок В",СМР
85,78:14:0769203:4530,"СТРОИТЕЛЬСТВО ЗДАНИЯ ОБЩЕОБРАЗОВАТЕЛЬНОЙ ШКОЛЫ КОСМОНАВТОВ, УЧАСТОК 14 (ТЕРРИТОРИЯ КВАРТАЛА 15, ВОСТОЧНЕЕ ПРОСПЕКТА ЮРИЯ ГАГАРИНА; ФЗУ № 13) (1100 МЕСТ)",МОСКОВСКИЙ,"Санкт-Петербург, проспект Космонавтов, участок 14",,19.07.2021,30.06.2023,"ООО ""СУ-17""",7 533.00,-,"Установка тнжекто-системы в осях Р/30-43 на отм. -3,560. Вязка арматуры 5-го отсека в осях 23-29/Н-Ш на отметке.-4, 160. Выемка грунта с котлована 1-го отсека.",СМР
86,78:37:17111В:5,"РЕКОНСТРУКЦИЯ ДОШКОЛЬНОГО ОБРАЗОВАТЕЛЬНОГО УЧРЕЖДЕНИЯ (ДОУ) ПО АДРЕСУ: САНКТ-ПЕТЕРБУРГ, Г. КОЛПИНО, ПАВЛОВСКАЯ УЛ., Д. 31, ЛИТ. А (190 МЕСТ), ВКЛЮЧАЯ КОРРЕКТИРОВКУ РД",КОЛПИНСКИЙ,"Санкт-Петербург, г. Колпино, Павловская ул., д. 31, лит А",,16.08.2021,31.07.2023,"ООО ""СУ-17""",4261.37,-,Перепроектирование объекта,Реконструкция
87,78:34:0415601:30,"СТРОИТЕЛЬСТВО ДОШКОЛЬНОГО УЧРЕЖДЕНИЯ СПЧ, КВАРТАЛ 56АБ, КОРП.43",ПРИМОРСКИЙ,"САНКТ-ПЕТЕРБУРГ,СЕВЕРО-ПРИМОРСКАЯ ЧАСТЬ, КВАРТАЛ 56АБ, КОРП.43",№17/ЗБ-07186 от 26.11.2018,07.05.2021,25.06.2022,"ООО ""СУАР-Групп""",3585.0,-,"Устройство вентиляции , дымоудаления, системы отопления,  монтаж ХГВС
Устройство фасада Устройство крылец",СМР
88,78:34:0004281:42,"СТРОИТЕЛЬСТВО ЗДАНИЯ ОБЩЕОБРАЗОВАТЕЛЬНОЙ ШКОЛЫ, САНКТ-ПЕТЕРБУРГ, ШУВАЛОВСКИЙ ПРОСПЕКТ,  УЧАСТОК 104, (ЮЖНАЯ ЧАСТЬ КВАРТАЛА 75А РАЙОНА КАМЕНКА) (550 МЕСТ), ВКЛЮЧАЯ КОРРЕКТИРОВКУ ПРОЕКТНОЙ ДОКУМЕНТАЦИИ СТАДИИ РД",ПРИМОРСКИЙ,"САНКТ-ПЕТЕРБУРГ, ШУВАЛОВСКИЙ ПРОСПЕКТ,  УЧАСТОК 104, (ЮЖНАЯ ЧАСТЬ КВАРТАЛА 75А РАЙОНА КАМЕНКА)",№ 17/ЗБ-07471,18.10.2017,Получено разрешение на ввод от 18.08.2021,ООО «ЭЛИНАЛЬФА».,3906.0,-,Получено разрешение на ввод от 18.08.2021,СМР
89,78:12:0631901:11201,"СТРОИТЕЛЬСТВО ОБЩЕОБРАЗОВАТЕЛЬНОЙ ШКОЛЫ ПО АДРЕСУ: САНКТ-ПЕТЕРБУРГ, ДАЛЬНЕВОСТОЧНЫЙ ПРОСПЕКТ, УЧАСТОК 1, (ВОСТОЧНЕЕ ПЕРЕСЕЧЕНИЯ С УЛИЦЕЙ ЕРЕМЕЕВА)/СЕВЕРНЕЕ УЛИЦЫ НОВОСЕЛОВ, КВАРТАЛ 16,  УЧАСТОК 10 (825 МЕСТ)",НЕВСКИЙ,"САНКТ-ПЕТЕРБУРГ, ДАЛЬНЕВОСТОЧНЫЙ ПРОСПЕКТ, УЧАСТОК 1, (ВОСТОЧНЕЕ ПЕРЕСЕЧЕНИЯ С УЛИЦЕЙ ЕРЕМЕЕВА)/СЕВЕРНЕЕ УЛИЦЫ НОВОСЕЛОВ, КВАРТАЛ 16,  УЧАСТОК 10",№17/ЗБС-10320,09.10.2017,Получено разрешение на ввод от 17.07.2020,"АО ""СТРОЙИНВЕСТ""",5811.0,-,Получено разрешение на ввод от 17.07.2020,
90,78:34:0415601:27,"СТРОИТЕЛЬСТВО ОБЩЕОБРАЗОВАТЕЛЬНОЙ ШКОЛЫ, СЕВЕРО-ПРИМОРСКАЯ ЧАСТЬ, КВАРТАЛ 56АБ, КОРП.39 (550 МЕСТ)",ПРИМОРСКИЙ,"САНКТ-ПЕТЕРБУРГ, СЕВЕРО-ПРИМОРСКАЯ ЧАСТЬ, КВАРТАЛ 56АБ, КОРП.39",№17/ЗБ-07199 от 22.01.2019,08.10.2014,30.06.2022,ЗП на завершение СМР,4629.6,-,СМР приостановлены. Контракт расторгнут 10.01.2022.,СМР
91,78:15:0008223:10,"РЕКОНСТРУКЦИЯ ЗДАНИЯ САНКТ-ПЕТЕРБУРГСКОГО  ГОСУДАРСТВЕННОГО БЮДЖЕТНОГО ПРОФЕССИОНАЛЬНОГО ОБРАЗОВАТЕЛЬНОГО УЧРЕЖДЕНИЯ ""КОЛЛЕДЖ СУДОСТРОЕНИЯ И ПРИКЛАДНЫХ ТЕХНОЛОГИЙ"" ПО АДРЕСУ: САНКТ-ПЕТЕРБУРГ, КРОНШТАДТСКАЯ УЛИЦА,  ДОМ  15, ЛИТЕРА А  (1 ЭТАП) (КРОНШТАДТСКАЯ УЛ., Д.15, ЛИТЕРА А, КРОНШТАДТСКАЯ УЛ., Д.5, ЛИТЕРЫ А, Б, Д)",КИРОВСКИЙ,"САНКТ-ПЕТЕРБУРГ, КРОНШТАДТСКАЯ УЛИЦА,  ДОМ  15, ЛИТЕРА А  (1 ЭТАП) (КРОНШТАДТСКАЯ УЛ., Д.15, ЛИТЕРА А, КРОНШТАДТСКАЯ УЛ., Д.5, ЛИТЕРЫ А, Б, Д)",свидетельство от 25.12.2013 №78-АЗ 242234,12.12.2019,Получено разрешение на ввод 27.12.2021,"ООО ""НОРД-СТРОЙ""",5311.0,-,Получено разрешение на ввод 27.12.2021,СМР
92,,"СТРОИТЕЛЬСТВО ОБЩЕОБРАЗОВАТЕЛЬНОЙ ШКОЛЫ, ШУВАЛОВО-ОЗЕРКИ, КВАРТАЛ 25А (550 МЕСТ)",ВЫБОРГСКИЙ,,,,Получено разрешение на ввод от 19.07.2019,"ООО ""НОРД-СТРОЙ""",,,Получено разрешение на ввод от 19.07.2019,
93,,"СТРОИТЕЛЬСТВО ОБЩЕОБРАЗОВАТЕЛЬНОЙ ШКОЛЫ ПО АДРЕСУ: САНКТ-ПЕТЕРБУРГ, ПР. КОСМОНАВТОВ, УЧАСТОК 1 (НАПРОТИВ ДОМА № 58, ЛИТЕРА А, ПО ПР. КОСМОНАВТОВ), КВАРТАЛ 10 РАЙОНА ВОСТОЧНЕЕ ПРОСПЕКТА ЮРИЯ ГАГАРИНА (825 МЕСТ)",МОСКОВСКИЙ,,,,Получено разрешение на ввод от 15.08.2019,"АО ""ЭТАЛОН-ЛЕНСПЕЦСМУ""",,,Получено разрешение на ввод от 15.08.2019,
94,78:12:0630901:5999,"СТРОИТЕЛЬСТВО ОБЩЕОБРАЗОВАТЕЛЬНОЙ ШКОЛЫ ПО АДРЕСУ: НЕРЧИНСКАЯ УЛ., УЧАСТОК 1 (НАПРОТИВ ДОМА № 14, ЛИТЕРА А  ПО ДАЛЬНЕВОСТОЧНОМУ ПР.) / СЕВЕРНЕЕ УЛИЦЫ НОВОСЕЛОВ, КВАРТАЛ 9А, УЧАСТОК 3 (825 МЕСТ)",НЕВСКИЙ,"САНКТ-ПЕТЕРБУРГ, НЕРЧИНСКАЯ УЛ., УЧАСТОК 1 (НАПРОТИВ ДОМА № 14, ЛИТЕРА А  ПО ДАЛЬНЕВОСТОЧНОМУ ПР.)",№13/ЗБС- 10258,05.06.2017,Получено разрешение на ввод от 07.08.2020,"ООО ""СОВРЕМЕННЫЕ МОНОЛИТНЫЕ КОНСТРУКЦИИ""",5811.0,-,Получено разрешение на ввод от 07.08.2020,СМР
95,,"СТРОИТЕЛЬСТВО ОБЩЕОБРАЗОВАТЕЛЬНОЙ ШКОЛЫ ПО АДРЕСУ: САНКТ-ПЕТЕРБУРГ, ЮЖНОЕ ШОССЕ, УЧАСТОК 9 (ЮГО-ЗАПАДНЕЕ ДОМА 55, ЛИТЕРА Д ПО ЮЖНОМУ ШОССЕ), ЮЖНОЕ ШОССЕ,  УЧАСТОК 9 (ЮГО-ЗАПАДНЕЕ ДОМА № 55, ЛИТЕРА Д ПО ЮЖНОМУ ШОССЕ) (825 МЕСТ)",ФРУНЗЕНСКИЙ,,,,Получено разрешение на ввод от 19.12.2019,"ЗАО ""ТРЕСТ 101""",,-,Получено разрешение на ввод от 19.12.2019,
96,,"СТРОИТЕЛЬСТВО ОБЩЕОБРАЗОВАТЕЛЬНОЙ ШКОЛЫ, ПОС. МЕТАЛЛОСТРОЙ,  КВАРТАЛ 2А, УЧАСТОК 10 (550 МЕСТ)",КОЛПИНСКИЙ,,,,Получено разрешение на ввод от 29.08.2019,"ООО ""СТРОЙСИНДИКАТ""",,-,Получено разрешение на ввод от 29.08.2019,
97,78:42:1811610:8-Церковная,"РЕКОНСТРУКЦИЯ ЗДАНИЙ ГОСУДАРСТВЕННОГО БЮДЖЕТНОГО ОБЩЕОБРАЗОВАТЕЛЬНОГО УЧРЕЖДЕНИЯ ГИМНАЗИИ № 406 ПУШКИНСКОГО РАЙОНА САНКТ-ПЕТЕРБУРГА ПО АДРЕСАМ: Г. ПУШКИН, ЛЕОНТЬЕВСКАЯ УЛ., Д. 10, ЛИТЕРА А (500 МЕСТ); ЦЕРКОВНАЯ УЛ., Д. 16, ЛИТЕРА А (308 МЕСТ)",ПУШКИНСКИЙ,"Г. ПУШКИН, ЛЕОНТЬЕВСКАЯ УЛ., Д. 10, ЛИТЕРА А; ЦЕРКОВНАЯ УЛ., Д. 16, ЛИТЕРА А","свидетельство от 06.10.2012 №78-78-06/035/2012-447 Церковная
свидетельство от 06.09.2007 №78-78-06/015/2007-326 Леонтьевская",,"Получено разрешение на ввод от 28.08.2020 (Леонтьевская)

Получено разрешение на ввод от 31.08.2020(Церковная)","ООО ""ГПС-ОСНОВА"" 
(2 ГК)","2043,0

1242,0",-,"Получено разрешение на ввод от 28.08.2020 (Леонтьевская)

Получено разрешение на ввод от 31.08.2020(Церковная)",СМР
98,78:34:0004281:10124,"СТРОИТЕЛЬСТВО ОБЪЕКТА НАЧАЛЬНОГО И СРЕДНЕГО ОБЩЕГО ОБРАЗОВАНИЯ НА 1600 МЕСТ ПО АДРЕСУ:САНКТ-ПЕТЕРБУРГ, ПРИГОРОДНЫЙ, УЧАСТОК 415, ВКЛЮЧАЯ РАЗРАБОТКУ ПРОЕКТНОЙ ДОКУМЕНТАЦИИ СТАДИИ РД",ПРИМОРСКИЙ,"САНКТ-ПЕТЕРБУРГ, ПРИГОРОДНЫЙ, УЧАСТОК 415",№ 17/ЗБ-07159 от 23.11.2018,,Получено разрешение на ввод от 02.08.2021,"ООО ""БАЛТИНВЕСТСТРОЙ""",9151.1,-,Получено разрешение на ввод от 02.08.2021,СМР
99,78:34:0004281:11925,"СТРОИТЕЛЬСТВО ОБЪЕКТА НАЧАЛЬНОГО И СРЕДНЕГО ОБЩЕГО ОБРАЗОВАНИЯ, РАСПОЛОЖЕННОГО ПО АДРЕСУ: САНКТ-ПЕТЕРБУРГ, КОМЕНДАНТСКИЙ ПРОСПЕКТ, УЧАСТОК 2 (ЮГО-ВОСТОЧНЕЕ ПЕРЕСЕЧЕНИЯ С РЕКОЙ КАМЕНКОЙ) (1375 МЕСТ), ВКЛЮЧАЯ КОРРЕКТИРОВКУ ПРОЕКТНОЙ ДОКУМЕНТАЦИИ СТАДИИ РД",ПРИМОРСКИЙ,"САНКТ-ПЕТЕРБУРГ, КОМЕНДАНТСКИЙ ПРОСПЕКТ, УЧАСТОК 2 (ЮГО-ВОСТОЧНЕЕ ПЕРЕСЕЧЕНИЯ С РЕКОЙ КАМЕНКОЙ)",17/3Б-07421,2020,30.06.2022,"ООО ""НОРД-СТРОЙ""",25900.0,-,"Выполняются работы:
уст-во «верхнего слоя » кровли на 4 блоке, монтаж внутр. инж. систем: отопление, сан. тех., вентиляция, эл-ка, слаботочные сети, полусухая стяжка полов, штукатурка и шпаклёвка стен, фасадные работы, монтаж наружных сетей канализации.",СМР
100,78:42:0018304:26303,"СТРОИТЕЛЬСТВО ЗДАНИЯ ОБЩЕОБРАЗОВАТЕЛЬНОЙ ШКОЛЫ ПО АДРЕСУ: Г. ПУШКИН, ПРОМЫШЛЕННАЯ УЛИЦА, УЧАСТОК 6, (СЕВЕРО-ВОСТОЧНЕЕ ДОМА № 17, ЛИТЕРА А ПО ПРОМЫШЛЕННОЙ УЛИЦЕ) (1375 МЕСТ)",ПУШКИНСКИЙ,"Г. ПУШКИН, ПРОМЫШЛЕННАЯ УЛИЦА, УЧАСТОК 6",18/3Б-03067,2020,30.06.2022,"ООО ""КВС""",30693.5,,"Выполняются работы:
1. Устройство кирпичных стен и перегородок 3,4,5 секция. 
2. Устройство теплового контура фасада, устройство штукатурки стен по мин.вате  секция 3, 5 в тепляке.
3. Монтаж витражных конструкций 4 секция
4. Прокладка наружных сетей канализации
5. Монтаж металлоконструкций кровли секция 4.
6. Монтаж системы отопления 6, 7 секция
7. Монтаж электроосвещения розеточных групп 
3, 4 секция.
8. Прокладка гофры под силовые и слаботочные системы - 3,4 Секция.
9. Монтаж лотка под силовые и слаботочные системы 3, 4,5 Секция
10. Монтаж закладных деталей , кронштейнов под наружное освещение фасада  4, 5, 6 Секция.
11. Монтаж системы вентиляции 1,2 Секция 6, 7 Секция.
12. Устройство полов из полусухой стяжки секция 1, 2",СМР
101,78:10:0005542:21,"СТРОИТЕЛЬСТВО НОВОГО ЗДАНИЯ ГОСУДАРСТВЕННОГО БЮДЖЕТНОГО ОБЩЕОБРАЗОВАТЕЛЬНОГО УЧРЕЖДЕНИЯ НА ЗЕМЕЛЬНОМ УЧАСТКЕ ПО АДРЕСУ: УЛ. ОЛЬГИ ФОРШ, ДОМ 9, ЛИТЕРА А (550 МЕСТ), ВКЛЮЧАЯ  РАЗРАБОТКУ ПРОЕКТНОЙ ДОКУМЕНТАЦИИ СТАДИИ РД",КАЛИНИНСКИЙ,"САНКТ-ПЕТЕРБУРГ, УЛ. ОЛЬГИ ФОРШ, ДОМ 9, ЛИТЕРА А (",78-78-01/347/2007-472,2020,30.06.2022,"АО ""МОНОЛИТСТРОЙ""",15596.9,-,"Выполняются работы: 
1. Устройство монолитных жб конструкций в зоне актового зала и входных групп. 
2. Кирпичная кладка внутренних стен и вент каналов на кровле. 
3. Устройство внутренних инженерных сетей (ВК, ОВ, ЭС). 
4.Устройства кровли в осях 18-22.
5. Монтаж ферм, прогонов и окрытия из проф. листа над спортивным залом и бассейном.",СМР
102,78:15:8019:32,"РЕКОНСТРУКЦИЯ ЗДАНИЯ ПОД РАЗМЕЩЕНИЕ ГОУ ""ЦЕНТР ОБРАЗОВАНИЯ №162 КИРОВСКОГО РАЙОНА САНКТ-ПЕТЕРБУРГА"" ПО АДРЕСУ: УЛ. ТУРБИННАЯ, Д. 50, ЛИТЕРА А, ВКЛЮЧАЯ РАЗРАБОТКУ ПРОЕКТНОЙ ДОКУМЕНТАЦИИ СТАДИИ РД",КИРОВСКИЙ,"САНКТ-ПЕТЕРБУРГ,УЛ. ТУРБИННАЯ, Д. 50, ЛИТЕРА А",,2020,Получено разрешение на ввод от 31.08.2021,"ООО ""СОТЭКС""","3 605,2
1 158,5",-,Получено разрешение на ввод от 31.08.2021,СМР
103,78:07:0003189:356,"СТРОИТЕЛЬСТВО ЗДАНИЯ ОБЩЕГО СРЕДНЕГО ОБРАЗОВАНИЯ НА 1100 МЕСТ ПО АДРЕСУ: САНКТ-ПЕТЕРБУРГ, ПЕТРОВСКИЙ ПРОСПЕКТ, УЧ. 33",ПЕТРОГРАДСКИЙ,"САНКТ-ПЕТЕРБУРГ, ПЕТРОВСКИЙ ПРОСПЕКТ, УЧ. 33",15/3Б-02584,2020,25.12.2023,"ООО ""Лентехстрой""",20278.4,-,"Выполняются работы  
1. Устройство армирования стен 3го этажа на блоке 3 кор. 1
2. Устройство перекрытия над вторым этажем на блоке 2 кор. 1
3. Устройство перекрытия над первым этажем блок 1 кор 1. 
4. Устройство  ртмтверка  корпус ""бассейн""",СМР
104,78:42:1850206:70,"СТРОИТЕЛЬСТВО ЗДАНИЯ ОБЩЕОБРАЗОВАТЕЛЬНОЙ ШКОЛЫ ШУШАРЫ, ПУЛКОВСКОЕ ШОССЕ, УЧАСТОК 438 (550 МЕСТ)",МОСКОВСКИЙ,"САНКТ-ПЕТЕРБУРГ,ПУЛКОВСКОЕ ШОССЕ, УЧАСТОК 438",18/3Б-03151,2021,20.07.2023,"ЗАО ""Трест 101""",16987.0,,"Нет РНС, АГО на стадии корректировки и согласования
Ведутся работы: 
1. Разработка котлована;
2. Устройство фундаментной плиты;
3. Армирование стен и колонн цокольного этажа;
4. Монтаж опалубки стен и колонн цокольного этажа;",Подготовка к СМР
105,78:42:0018304:26307,"СТРОИТЕЛЬСТВО ЗДАНИЯ ОБЩЕОБРАЗОВАТЕЛЬНОЙ ШКОЛЫ ШУШАРЫ, СЛАВЯНКА, КОЛПИНСКОЕ ШОССЕ, УЧАСТОК 203 (1375 МЕСТ)",ПУШКИНСКИЙ,"САНКТ-ПЕТЕРБУРГ, ШУШАРЫ, СЛАВЯНКА, КОЛПИНСКОЕ ШОССЕ, УЧАСТОК 203",18/3Б-03149,2021,20.07.2023,"ООО ""КВС""",25421.3,,"Выполняются работы по:
1). ФП4, ФП7 армирование стен и колонн подвала, монтаж опалубки перекрытия;
2).  ФП2, ФП3, ФП6 армирование и бетонирование стен и колонн подвала;
3) ФП1, ФП5 - армирование стен и колонн подвала",СМР
106,,"СТРОИТЕЛЬСТВО ЗДАНИЯ ОБЩЕОБРАЗОВАТЕЛЬНОГО УЧРЕЖДЕНИЯ НА ТЕРРИТОРИИ, ОГРАНИЧЕННОЙ ПУЛКОВСКИМ ШОССЕ, ДУНАЙСКИМ ПР., МОСКОВСКИМ ШОССЕ И ЮЖНЫМ ПОЛУКОЛЬЦОМ ОКТЯБРЬСКОЙ ЖЕЛЕЗНОЙ ДОРОГИ, В МОСКОВСКОМ РАЙОНЕ (ФЗУ № 24), ВМЕСТИМОСТЬЮ 1100 МЕСТ",МОСКОВСКИЙ,,,2021,20.07.2024,"КОНКУРС
(ГК - декабрь 2021)",,,,Подготовка к СМР
107,78:36:0536801:3,"СТРОИТЕЛЬСТВО НОВОГО ЗДАНИЯ ГОСУДАРСТВЕННОГО БЮДЖЕТНОГО ОБЩЕОБРАЗОВАТЕЛЬНОГО УЧРЕЖДЕНИЯ НА ЗЕМЕЛЬНОМ УЧАСТКЕ ПО АДРЕСУ: БОЛОТНАЯ УЛ., ДОМ 6, ЛИТЕРА А (550 МЕСТ)",ВЫБОРГСКИЙ,"САНКТ-ПЕТЕРБУРГ,БОЛОТНАЯ УЛ., ДОМ 6, ЛИТЕРА А",78-АЗ№729446,2021,20.07.2023,"АО ""МОНОЛИТСТРОЙ""","15 309,4",-,"Выполняются работы:
1.На секции 3 устройство стен и колонн 3го этажа. 
2. На секции 1 устройство стен и колонн 4 этажом. 
3. На секции 4 устройство стен бассейна. 
4. Уст-во наружных и внутренних стен из кирпича и газобетонных блоков
5. Обратная засыпка по периметру здания",СМР
108,78:14:0007686:3398,"СТРОИТЕЛЬСТВО ДОШКОЛЬНОГО ОБРАЗОВАТЕЛЬНОГО УЧРЕЖДЕНИЯ ПО АДРЕСУ: МОСКОВСКОЕ ШОССЕ, ДОМ 3, ЛИТЕРА З (140 МЕСТ), ВКЛЮЧАЯ РАЗРАБОТКУ ПРОЕКТНОЙ ДОКУМЕНТАЦИИ СТАДИИ РД",МОСКОВСКИЙ,"САНКТ-ПЕТЕРБУРГ,МОСКОВСКОЕ ШОССЕ, ДОМ 3, ЛИТЕРА З",№ 12/ЗБ-03258 от 16.11.2018,19.09.2017,Получено разрешение на ввод от 03.11.2020,"ООО ""СТРОЙКОМПЛЕКС-95 УПРАВЛЕНИЕ НАЧАЛЬНИКА РАБОТ""","1 563,7",-,Получено разрешение на ввод от 03.11.2020,СМР
109,78:13:0007430:10666,"СТРОИТЕЛЬСТВО ДОШКОЛЬНОГО ОБРАЗОВАТЕЛЬНОГО УЧРЕЖДЕНИЯ (ДОУ),  САНКТ-ПЕТЕРБУРГ, БУХАРЕСТСКАЯ УЛ.,  УЧАСТОК 1 (ТЕРРИТОРИЯ, ОГРАНИЧЕННАЯ УЛ. ДИМИТРОВА, М. БУХАРЕСТСКОЙ УЛ., ДУНАЙСКИМ ПР., БУХАРЕСТСКОЙ УЛ., ВО ФРУНЗЕНСКОМ РАЙОНЕ; ФЗУ № 41), (ЮРВ, КВ.30, КОРП. 29) (220 МЕСТ), ВКЛЮЧАЯ КОРРЕКТИРОВКУ ПРОЕКТНОЙ ДОКУМЕНТАЦИИ СТАДИИ РД",ФРУНЗЕНСКИЙ,"САНКТ-ПЕТЕРБУРГ, БУХАРЕСТСКАЯ УЛ.,  УЧАСТОК 1 (ТЕРРИТОРИЯ, ОГРАНИЧЕННАЯ УЛ. ДИМИТРОВА, М. БУХАРЕСТСКОЙ УЛ., ДУНАЙСКИМ ПР., БУХАРЕСТСКОЙ УЛ., ВО ФРУНЗЕНСКОМ РАЙОНЕ; ФЗУ № 41)",21/ЗБ-04409 от 30.10.2018,2020,30.06.2022,"ООО ""СУ-17""",5101.0,-,"Ведутся работы:
Ведётся прокладка линий в лотках и в кандуктарах эл. освещения, эл. снабжения, слаботочных систем.
Монтаж трубопроводов  систем водоснабжения, отопления, водоотведения.
Идут подготовительные работы к отделке помещений (заделка отверстий, шлифовка).
Ведутся подготовительные работы для монтажа систем вентиляции. 
Выполняется монтаж системы вентилируемого фасада.",СМР
110,78:42:0018247:22,"СТРОИТЕЛЬСТВО ДОШКОЛЬНОГО ОБРАЗОВАТЕЛЬНОГО УЧРЕЖДЕНИЯ ПО АДРЕСУ: Г. ПУШКИН, КРАСНОСЕЛЬСКОЕ ШОССЕ, УЧАСТОК 1 (СЕВЕРНЕЕ ДОМА 57, ЛИТЕРА А, ПО КРАСНОСЕЛЬСКОМУ ШОССЕ) (200 МЕСТ)",ПУШКИНСКИЙ,"Г. ПУШКИН, КРАСНОСЕЛЬСКОЕ ШОССЕ, УЧАСТОК 1",от 15.03.2018 18/ЗБС-10391,25.05.2018,Получено разрешение на ввод № 78-16-87-2020,"ООО СК ""ВЫСОТСПЕЦСТРОЙ""",1805.9,-,Получено разрешение на ввод № 78-16-87-2020,СМР
111,78:06:0002201:12081,"СТРОИТЕЛЬСТВО ДОШКОЛЬНОГО ОБРАЗОВАТЕЛЬНОГО УЧРЕЖДЕНИЯ, САНКТ-ПЕТЕРБУРГ, УЛИЦА КОРАБЛЕСТРОИТЕЛЕЙ, УЧАСТОК 1, (ЮГО-ЗАПАДНЕЕ ДОМА 21, КОРПУС 3, ЛИТЕРА А ПО УЛИЦЕ КОРАБЛЕСТРОИТЕЛЕЙ), (САНКТ-ПЕТЕРБУРГ, ЗАПАДНАЯ ЧАСТЬ В.О., КВАРТАЛ 1, КОРП.35) (220 МЕСТ)",ВАСИЛЕОСТРОВСКИЙ,"САНКТ-ПЕТЕРБУРГ, УЛИЦА КОРАБЛЕСТРОИТЕЛЕЙ, УЧАСТОК 1, (ЮГО-ЗАПАДНЕЕ ДОМА 21, КОРПУС 3, ЛИТЕРА А ПО УЛИЦЕ КОРАБЛЕСТРОИТЕЛЕЙ)",№01/ЗБ-06064 от 22.10.2018,07.04.2015,Получено разрешение на ввод объекта в эксплуатацию №78-02-36-2020,"ООО ""ЛЕНТЕХСТРОЙ""",1619.0,-,Получено разрешение на ввод объекта в эксплуатацию №78-02-36-2020,СМР
112,78:37:0017414:6011,"СТРОИТЕЛЬСТВО ДОШКОЛЬНОГО ОБРАЗОВАТЕЛЬНОГО УЧРЕЖДЕНИЯ, САНКТ-ПЕТЕРБУРГ, ПОСЕЛОК МЕТАЛЛОСТРОЙ, САДОВАЯ УЛИЦА, УЧАСТОК 2 (ЮГО-ЗАПАДНЕЕ ПЕРЕСЕЧЕНИЯ С ПИОНЕРСКОЙ УЛИЦЕЙ), (ПОСЕЛОК МЕТАЛЛОСТРОЙ, КВАРТАЛ 2А, УЧАСТОК 4) (185 МЕСТ)",КОЛПИНСКИЙ,"САНКТ-ПЕТЕРБУРГ, ПОСЕЛОК МЕТАЛЛОСТРОЙ, САДОВАЯ УЛИЦА, УЧАСТОК 2 (ЮГО-ЗАПАДНЕЕ ПЕРЕСЕЧЕНИЯ С ПИОНЕРСКОЙ УЛИЦЕЙ), (ПОСЕЛОК МЕТАЛЛОСТРОЙ, КВАРТАЛ 2А, УЧАСТОК 4)",№06/ЗБ-03784 от 18.09.2018,13.04.2015,Получено разрешение на ввод от 18.08.2021,"АО ""ТРЕСТ № 68""",1394.35,-,Получено разрешение на ввод от 18.08.2021,СМР
113,,"РЕКОНСТРУКЦИЯ ЗДАНИЯ ГОСУДАРСТВЕННОГО БЮДЖЕТНОГО ОБЩЕОБРАЗОВАТЕЛЬНОГО УЧРЕЖДЕНИЯ ЦЕНТРА ОБРАЗОВАНИЯ № 167 КРАСНОСЕЛЬСКОГО РАЙОНА САНКТ-ПЕТЕРБУРГА ДЛЯ РАЗМЕЩЕНИЯ ДОШКОЛЬНОГО ОТДЕЛЕНИЯ ПО АДРЕСУ: УЛ. ЛЕТЧИКА ПИЛЮТОВА, Д. 13, КОРП. 2, ЛИТЕРА А",КРАСНОСЕЛЬСКИЙ,,,,Получено разрешение на ввод от 31.12.2019,"АО ""СТРОЙИНВЕСТ""",,-,Получено разрешение на ввод от 31.12.2019,СМР
114,,"СТРОИТЕЛЬСТВО ДОШКОЛЬНОГО ОБРАЗОВАТЕЛЬНОГО УЧРЕЖДЕНИЯ ПО АДРЕСУ: ЮЖНОЕ ШОССЕ, УЧАСТОК 7 (ЮГО-ЗАПАДНЕЕ ДОМА 49, ЛИТЕРА Ф ПО ЮЖНОМУ ШОССЕ) (НА 160 МЕСТ), ВКЛЮЧАЯ РАЗРАБОТКУ ПРОЕКТНОЙ ДОКУМЕНТАЦИИ СТАДИИ РД",ФРУНЗЕНСКИЙ,,,,Получено разрешение на ввод от 31.12.2019,"ООО 
""ПЕТРОЭНЕРГО- КОМПЛЕКС""",,-,Получено разрешение на ввод от 31.12.2019,СМР
115,,"СТРОИТЕЛЬСТВО ДОШКОЛЬНОГО ОБРАЗОВАТЕЛЬНОГО УЧРЕЖДЕНИЯ, САНКТ-ПЕТЕРБУРГ, УЛИЦА ДМИТРИЯ УСТИНОВА, УЧАСТОК 1 (СЕВЕРНЕЕ ДОМА 14, КОРПУС 1, ЛИТЕРА А ПО ШЛИССЕЛЬБУРГСКОМУ ПРОСПЕКТУ), (МИКРОРАЙОН РЫБАЦКОЕ, УЛ. ДМИТРИЯ УСТИНОВА, У ДОМА № 1) (190 МЕСТ)",НЕВСКИЙ,,,,Получено разрешение на ввод от 30.10.2019,"ЗАО ""ТРЕСТ""",,-,Получено разрешение на ввод от 30.10.2019,СМР
116,78:12:0006357:21,"СТРОИТЕЛЬСТВО ДОШКОЛЬНОГО ОБРАЗОВАТЕЛЬНОГО УЧРЕЖДЕНИЯ, ОКТЯБРЬСКАЯ НАБ., НАПРОТИВ Д. 118, КОРП. 9 (150 МЕСТ)",НЕВСКИЙ,"САНКТ-ПЕТЕРБУРГ,ОКТЯБРЬСКАЯ НАБ., НАПРОТИВ Д. 118, КОРП. 9",№ 13/ЗБ-05993,23.07.2014,Получено разрешение на ввод № 78-12-62-2020,"ООО ""УНР-398""",1440.28,-,Получено разрешение на ввод № 78-12-62-2020,СМР
117,,"СТРОИТЕЛЬСТВО ДОШКОЛЬНОГО ОБРАЗОВАТЕЛЬНОГО УЧРЕЖДЕНИЯ, САНКТ-ПЕТЕРБУРГ, Г.ЗЕЛЕНОГОРСК , УЛИЦА МИРА, УЧАСТОК 1 (СЕВЕРО-ВОСТОЧНЕЕ ДОМА 22, ЛИТЕРА А ПО ШИРОКОЙ УЛИЦЕ) (ЗЕЛЕНОГОРСК, ЗЕМЕЛЬНЫЙ УЧАСТОК 2, КВАРТАЛ  20) (90МЕСТ)",КУРОРТНЫЙ,,,,Получено разрешение на ввод от 31.12.2019,"ООО ""НСТ""",,-,Получено разрешение на ввод от 31.12.2019,СМР
118,,"СТРОИТЕЛЬСТВО ДОШКОЛЬНОГО ОБРАЗОВАТЕЛЬНОГО УЧРЕЖДЕНИЯ, САНКТ-ПЕТЕРБУРГ, ПИСКАРЕВСКИЙ ПРОСПЕКТ, УЧАСТОК 1, (СЕВЕРНЕЕ ДОМА 161, ЛИТЕРА А, ПО ПИСКАРЕВСКОМУ ПРОСПЕКТУ), (МИКРОРАЙОН РУЧЬИ) (160 МЕСТ), ВКЛЮЧАЯ КОРРЕКТИРОВКУ ПРОЕКТНОЙ ДОКУМЕНТАЦИИ СТАДИИ РД",КРАСНОГВАРДЕЙСКИЙ,,,,Получено разрешение на ввод от 24.07.2019,"АО ""ТРЕСТ 68""",,-,Получено разрешение на ввод от 24.07.2019,СМР
119,78:06:0002203:38,"СТРОИТЕЛЬСТВО ДОШКОЛЬНОГО ОБРАЗОВАТЕЛЬНОГО УЧРЕЖДЕНИЯ, ЗАПАДНАЯ ЧАСТЬ В.О., КВАРТАЛ 3 (165 МЕСТ), ВКЛЮЧАЯ КОРРЕКТИРОВКУ ПРОЕКТНОЙ ДОКУМЕНТАЦИИ СТАДИИ РД",ВАСИЛЕОСТРОВСКИЙ,"САНКТ-ПЕТЕРБУРГ,ЗАПАДНАЯ ЧАСТЬ В.О., КВАРТАЛ 3",№ 01/ЗБС-10443,26.09.2014,Получено разрешение на ввод от 31.08.2020,"ООО ""ПЕТРОЭНЕРГО-КОМПЛЕКС""",1676.3,-,Получено разрешение на ввод от 31.08.2020,СМР
120,78:34:0004270:3222,"СТРОИТЕЛЬСТВО ДОШКОЛЬНОГО ОБРАЗОВАТЕЛЬНОГО УЧРЕЖДЕНИЯ,  САНКТ-ПЕТЕРБУРГ, СУЗДАЛЬСКОЕ ШОССЕ, УЧАСТОК 15, (ЮГО-ЗАПАДНЕЕ ПЕРЕСЕЧЕНИЯ СУЗДАЛЬСКОГО ШОССЕ С ВЫБОРГСКИМ НАПРАВЛЕНИЕМ Ж.Д.) (140 МЕСТ),  ВКЛЮЧАЯ КОРРЕКТИРОВКУ ПРОЕКТНОЙ ДОКУМЕНТАЦИИ СТАДИИ РД",ПРИМОРСКИЙ,"САНКТ-ПЕТЕРБУРГ, СУЗДАЛЬСКОЕ ШОССЕ, УЧАСТОК 15, (ЮГО-ЗАПАДНЕЕ ПЕРЕСЕЧЕНИЯ СУЗДАЛЬСКОГО ШОССЕ С ВЫБОРГСКИМ НАПРАВЛЕНИЕМ Ж.Д.)",№ 17/ЗБС-10359,18.12.2017,Получено разрешение на ввод № 78-15-117-2020,"ООО ""СУАР-ГРУПП""",1544.0,-,Получено разрешение на ввод № 78-15-117-2020,СМР
121,,"СТРОИТЕЛЬСТВО ДОШКОЛЬНОГО ОБРАЗОВАТЕЛЬНОГО УЧРЕЖДЕНИЯ ПО АДРЕСУ: УЛ. ОЛЕКО ДУНДИЧА, Д. 20, КОРП. 2, ЛИТЕРА А (220 МЕСТ)",ФРУНЗЕНСКИЙ,,,,Получено разрешение на ввод от 31.12.2019,"ЗАО ""ТРЕСТ""",,-,Получено разрешение на ввод от 31.12.2019,СМР
122,78:36:0005359:5444,"СТРОИТЕЛЬСТВО ДОШКОЛЬНОГО ОБРАЗОВАТЕЛЬНОГО УЧРЕЖДЕНИЯ ПО АДРЕСУ: САНКТ-ПЕТЕРБУРГ, ЛИСТВЕННАЯ УЛИЦА,  УЧАСТОК 1 (СЕВЕРО-ВОСТОЧНЕЕ ДОМА 20, ЛИТЕРА Б ПО УЛИЦЕ ЖАКА ДЮКЛО); (ТЕРР., ОГР. СЕВЕРНЫМ ПР., УЛ. ЕСЕНИНА, ЛИСТВЕННОЙ УЛ., УЛ ЖАКА ДЮКЛО, ПАРКОМ ""СОСНОВКА"", КВАРТАЛЫ 336А И 336Б) (220 МЕСТ)",ВЫБОРГСКИЙ,"САНКТ-ПЕТЕРБУРГ, ЛИСТВЕННАЯ УЛИЦА,  УЧАСТОК 1 (СЕВЕРО-ВОСТОЧНЕЕ ДОМА 20, ЛИТЕРА Б ПО УЛИЦЕ ЖАКА ДЮКЛО); (ТЕРР., ОГР. СЕВЕРНЫМ ПР., УЛ. ЕСЕНИНА, ЛИСТВЕННОЙ УЛ., УЛ ЖАКА ДЮКЛО, ПАРКОМ ""СОСНОВКА"", КВАРТАЛЫ 336А И 336Б)",№02/ЗБС-10290,18.07.2017,получено разрешение на ввод № 78-03-59-2020,"ООО ""М-ГРУПП""",1 784,-,получено разрешение на ввод № 78-03-59-2020,СМР
123,78:34:0004270:3221,"СТРОИТЕЛЬСТВО ДОШКОЛЬНОГО ОБРАЗОВАТЕЛЬНОГО УЧРЕЖДЕНИЯ, САНКТ-ПЕТЕРБУРГ, СУЗДАЛЬСКОЕ ШОССЕ, УЧАСТОК 14 (ЮГО-ЗАПАДНЕЕ ПЕРЕСЕЧЕНИЯ СУЗДАЛЬСКОГО ШОССЕ С ВЫБОРГСКИМ НАПРАВЛЕНИЕМ Ж.Д.) (140 МЕСТ)",ПРИМОРСКИЙ,"САНКТ-ПЕТЕРБУРГ, СУЗДАЛЬСКОЕ ШОССЕ, УЧАСТОК 14 (ЮГО-ЗАПАДНЕЕ ПЕРЕСЕЧЕНИЯ СУЗДАЛЬСКОГО ШОССЕ С ВЫБОРГСКИМ НАПРАВЛЕНИЕМ Ж.Д.)",№17/ЗБС-10371,07.04.2015,Получено разрешение на ввод от 31.08.2020,"ООО ""СУАР-ГРУПП""",1544.0,-,Получено разрешение на ввод от 31.08.2020,СМР
124,78:34:0004163:21,"СТРОИТЕЛЬСТВО ДОШКОЛЬНОГО ОБРАЗОВАТЕЛЬНОГО УЧРЕЖДЕНИЯ ПО АДРЕСУ: САНКТ-ПЕТЕРБУРГ, ПРИМОРСКИЙ РАЙОН,СЕВЕРО-ПРИМОРСКАЯ ЧАСТЬ КВАРТАЛ 63 (САНКТ-ПЕТЕРБУРГ, ЯХТЕННАЯ УЛ., УЧАСТОК 1 (СЕВЕРО-ВОСТОЧНЕЕ Д.1, КОРП.1, ЛИТЕРА А ПО ЯХТЕННОЙ УЛ.)) (190 МЕСТ)",ПРИМОРСКИЙ,"САНКТ-ПЕТЕРБУРГ, ПРИМОРСКИЙ РАЙОН,СЕВЕРО-ПРИМОРСКАЯ ЧАСТЬ КВАРТАЛ 63 (САНКТ-ПЕТЕРБУРГ, ЯХТЕННАЯ УЛ., УЧАСТОК 1 (СЕВЕРО-ВОСТОЧНЕЕ Д.1, КОРП.1, ЛИТЕРА А ПО ЯХТЕННОЙ УЛ.))",№17/ЗБС-10370                                          26.01.2018 по 25.01.2019,01.04.2015,Получено разрешение на ввод № 78-15-100-2020,"АО ""ТРЕСТ 68""",1821.8,-,Получено разрешение на ввод № 78-15-100-2020,СМР
125,78:40:0008454:15,"СТРОИТЕЛЬСТВО НОВОГО ЗДАНИЯ ДОШКОЛЬНОГО ОБРАЗОВАТЕЛЬНОГО УЧРЕЖДЕНИЯ ПО АДРЕСУ: САНКТ-ПЕТЕРБУРГ, УЛИЦА ДОБРОВОЛЬЦЕВ, ДОМ 18, КОРПУС 2, ЛИТЕРА А (220 МЕСТ), ВКЛЮЧАЯ РАЗРАБОТКУ ПРОЕКТНОЙ ДОКУМЕНТАЦИИ СТАДИИ РД",КРАСНОСЕЛЬСКИЙ,"САНКТ-ПЕТЕРБУРГ, УЛИЦА ДОБРОВОЛЬЦЕВ, ДОМ 18, КОРПУС 2, ЛИТЕРА А",78-АЖ №722827,2020,Получено разрешение на ввод № 78-08-31-2021,"ООО ""СУАР-ГРУПП""",5958.3,-,Получено разрешение на ввод № 78-08-31-2021,СМР
126,78:15:0008409:10910,"СТРОИТЕЛЬСТВО ДОШКОЛЬНОГО ОБРАЗОВАТЕЛЬНОГО УЧРЕЖДЕНИЯ ПО АДРЕСУ: САНКТ-ПЕТЕРБУРГ, ПРОСПЕКТ  ВЕТЕРАНОВ, ДОМ 5, КОРПУС 2, ЛИТЕРА А (200 МЕСТ), ВКЛЮЧАЯ  РАЗРАБОТКУ ПРОЕКТНОЙ ДОКУМЕНТАЦИИ СТАДИИ РД",КИРОВСКИЙ,"САНКТ-ПЕТЕРБУРГ, ПРОСПЕКТ  ВЕТЕРАНОВ, ДОМ 5, КОРПУС 2, ЛИТЕРА А",05/3Б-05929,2020,Получено разрешение на ввод от 31.08.2020,"ООО ""СУ-17""",5051.8,-,Получено разрешение на ввод от 31.08.2020,СМР
127,78:10:0554601:14,"СТРОИТЕЛЬСТВО ДОШКОЛЬНОГО ОБРАЗОВАТЕЛЬНОГО УЧРЕЖДЕНИЯ ПО АДРЕСУ: УЛ. БРЯНЦЕВА, УЧАСТОК 1 (ЗАПАДНЕЕ ДОМА 16, ЛИТЕРА А ПО УЛ. УШИНСКОГО) (110 МЕСТ), ВКЛЮЧАЯ РАЗРАБОТКУ ПРОЕКТНОЙ ДОКУМЕНТАЦИИ СТАДИИ РД",КАЛИНИНСКИЙ,"САНКТ-ПЕТЕРБУРГ, УЛ. БРЯНЦЕВА, УЧАСТОК 1 (ЗАПАДНЕЕ ДОМА 16, ЛИТЕРА А ПО УЛ. УШИНСКОГО)",04/3Б-04084,2020,30.12.2022,"АО ""СМУ №2 ТРЕСТА №16""",3423.7,-,Расторжение контракта,СМР
128,78:40:0008459:6,"СТРОИТЕЛЬСТВО ДОШКОЛЬНОГО ОБРАЗОВАТЕЛЬНОГО УЧРЕЖДЕНИЯ ПО АДРЕСУ: САНКТ-ПЕТЕРБУРГ, УЛИЦА ДОБРОВОЛЬЦЕВ, ДОМ 56, КОРПУС 3, ЛИТЕРА А (140 МЕСТ)",КРАСНОСЕЛЬСКИЙ,"САНКТ-ПЕТЕРБУРГ, УЛИЦА ДОБРОВОЛЬЦЕВ, ДОМ 56, КОРПУС 3, ЛИТЕРА А",08/3Б-03072,2020,Получено разрешение на ввод от 08.09.2020,"ООО ""АПЕКС-ТАТАРСТАН""",4247.7,-,Получено разрешение на ввод от 08.09.2020,СМР
129,78:42:0018304:26302,"СТРОИТЕЛЬСТВО ЗДАНИЯ ДОШКОЛЬНОГО ОБРАЗОВАТЕЛЬНОГО УЧРЕЖДЕНИЯ ПО АДРЕСУ: Г. ПУШКИН, ПРОМЫШЛЕННАЯ УЛ., УЧАСТОК 7 (СЕВЕРО-ВОСТОЧНЕЕ ДОМА № 17, ЛИТЕРА А ПО ПРОМЫШЛЕННОЙ УЛ.) (220 МЕСТ)",ПУШКИНСКИЙ,"САНКТ-ПЕТЕРБУРГ, Г. ПУШКИН, ПРОМЫШЛЕННАЯ УЛ., УЧАСТОК 7",18/3К-03150,2021,30.06.2022,"ООО ""КВС""",5811.65,-,"Выполняются работы по:
1.Армирование плиты перекрытия 3-ого этажа в/о 1-9/А-К
2.Кирпичная кладка стен 1-ого этажа 
3.Устройство дренажа",СМР
130,78:40:0008617:3884,"СТРОИТЕЛЬСТВО ЗДАНИЯ ДОШКОЛЬНОГО ОБРАЗОВАТЕЛЬНОГО УЧРЕЖДЕНИЯ ПО АДРЕСУ: САНКТ-ПЕТЕРБУРГ, МУНИЦИПАЛЬНЫЙ ОКРУГ ГОРЕЛОВО, КРАСНОСЕЛЬСКОЕ ШОССЕ, УЧАСТОК 35 (140 МЕСТ)",КРАСНОСЕЛЬСКИЙ,"САНКТ-ПЕТЕРБУРГ, МУНИЦИПАЛЬНЫЙ ОКРУГ ГОРЕЛОВО, КРАСНОСЕЛЬСКОЕ ШОССЕ, УЧАСТОК 35",08/3Б-03072,2021,30.12.2022,ООО «НОРДСТРОЙ»,3879.1,-,"Выполняются работы:
 - Разработка котлована с перемещением грунта 
в отвал.
- устройство основания фундаментальной плиты 
- Откачка воды.
- Вынос кабеля 0.4кВ.
- Вывоз снега.",СМР
131,78:10:0005123:8618,"СТРОИТЕЛЬСТВО ЗДАНИЯ ДОШКОЛЬНОГО ОБРАЗОВАТЕЛЬНОГО УЧРЕЖДЕНИЯ НА ТЕРРИТОРИИ, ОГРАНИЧЕННОЙ ПР. МАРШАЛА БЛЮХЕРА, ПРОЕКТИРУЕМОЙ УЛ., ПОЛЮСТРОВСКИМ ПР., ПРОЕКТИРУЕМОЙ УЛ., ФЗУ 10 (240 МЕСТ)",КАЛИНИНСКИЙ,"САНКТ-ПЕТЕРБУРГ, ТЕРРИТОРИЯ, ОГРАНИЧЕННАЯ ПР. МАРШАЛА БЛЮХЕРА, ПРОЕКТИРУЕМОЙ УЛ., ПОЛЮСТРОВСКИМ ПР., ПРОЕКТИРУЕМОЙ УЛ., ФЗУ 10",,2021,31.05.2022,"ООО ""ТЕРРИКОН""",6438.07,-,"Ведутся работы по разработке котлована, устройству основания под фундаментную плиту на отметке -1,800, гидроизоляции, обустройству строительной площадки, бетонированию фундатентной плиты",СМР
132,78:34:0004149:4,"СТРОИТЕЛЬСТВО МНОГОФУНКЦИОНАЛЬНОГО СПОРТИВНОГО КОМПЛЕКСА,  ЯХТЕННАЯ УЛИЦА, УЧАСТОК 1",ПРИМОРСКИЙ,"САНКТ-ПЕТЕРБУРГ, ЯХТЕННАЯ УЛИЦА, УЧАСТОК 1",17/3Б-07566,2015,30.11.2022,"""Трест 101""",22190.6,-,"Выполняются работы:
- пуско-наладочные работы 6 лифтов блока 3;
- установка дверей гостиничных номеров блока 3;
- монтаж трубопроводов ГВС и холодного водоснабжения помещений блоков 3,4,5;
- монтаж венсистем блоков 1,2,3,4,5;
- монтаж слаботочных устройств блоков 3,4,5;
- отделочные работы по устройству полов и отделке помещений блоков 3,4,5.",СМР
133,78:38:0022629:1094,"СТРОИТЕЛЬСТВО СТАЦИОНАРНОГО УЧРЕЖДЕНИЯ СОЦИАЛЬНОГО ОБСЛУЖИВАНИЯ ""ДЕТСКИЙ ДОМ-ИНТЕРНАТ ДЛЯ ДЕТЕЙ С ОТКЛОНЕНИЯМИ В УМСТВЕННОМ РАЗВИТИИ"" ПО АДРЕСУ: ПОС. УШКОВО, СОВЕТСКАЯ УЛ., УЧАСТОК 81",Курортный,"Санкт-Петербург, поселок Ушково, Советская улица, участок 81, (восточнее пересечения с Дачной улицей)",22/ЗБ-04859,02.08.2021,25.12.2023,"""Трест 101""",21590.0,-,"Выполняются работы: 
- по устройству каркаса стен КПП, 
- установка опалубки под бетонирование стен КПП. 
- поставка материалы под монтаж наружной канализации",СМР
